<?xml version="1.0" encoding="utf-8"?>
<COLLADA xmlns="http://www.collada.org/2005/11/COLLADASchema" version="1.4.1">
  <asset>
    <unit name="meter" meter="1"/>
    <up_axis>Z_UP</up_axis>
  </asset>
  <library_effects>
    <effect id="camera_support_colored_mat_effect">
      <profile_COMMON>
        <technique sid="common">
          <phong>
            <emission><color>0 0 0 1</color></emission>
            <ambient><color>0.93 0.92 0.88 1</color></ambient>
            <diffuse><color>0.93 0.92 0.88 1</color></diffuse>
            <specular><color>0.1 0.1 0.1 1</color></specular>
            <shininess><float>35</float></shininess>
          </phong>
        </technique>
      </profile_COMMON>
    </effect>
  </library_effects>
  <library_materials>
    <material id="camera_support_colored_mat" name="camera_support_colored_mat">
      <instance_effect url="#camera_support_colored_mat_effect"/>
    </material>
  </library_materials>
  <library_geometries>
    <geometry id="camera_support_colored_geom" name="camera_support_colored">
      <mesh>
        <source id="camera_support_colored_geom-positions">
          <float_array id="camera_support_colored_geom-positions-array" count="12240">
              0.058962822 0.067455887 0.122628235 0.057907482 0.065599045 0.122628235 0.057574997 0.069336189 0.122628235 0.051 0.057737431 0.122628235
              0.043524998 0.033893093 0.122628235 0.043524998 0.069336189 0.122628235 0.05955772 0.081325943 0.122628235 0.059599998 0.081836189 0.122628235
              0.0625 0.081836189 0.122628235 0.05955772 0.082346428 0.122628235 0.062417297 0.084099045 0.122628235 0.05943203 0.082842758 0.122628235
              0.059226368 0.083311623 0.122628235 0.062169643 0.086349823 0.122628235 0.058946335 0.08374025 0.122628235 0.06175835 0.088576523 0.122628235
              0.058533531 0.097008141 0.122628235 0.059568893 0.094994347 0.122628235 0.057574997 0.094336189 0.122628235 0.060454498 0.092910347 0.122628235
              0.058599571 0.084116936 0.122628235 0.058195538 0.084431404 0.122628235 0.061185616 0.090767258 0.122628235 0.057745255 0.084675087 0.122628235
              0.05943203 0.08082962 0.122628235 0.062426422 0.079701668 0.122628235 0.059226368 0.080360748 0.122628235 0.062206051 0.077577271 0.122628235
              0.058946335 0.079932129 0.122628235 0.043624245 0.11036692 0.122628235 0.045674511 0.109405792 0.122628235 0.043524998 0.094336189 0.122628235
              0.047649147 0.108297577 0.122628235 0.049537624 0.107048172 0.122628235 0.051329861 0.105664246 0.122628235 0.053016296 0.104153198 0.122628235
              0.054587936 0.102523071 0.122628235 0.056036388 0.10078257 0.122628235 0.057353931 0.098940987 0.122628235 0.032261002 0.103831047 0.122628235
              0.032745255 0.103997292 0.122628235 0.034226368 0.108311623 0.122628235 0.033946335 0.10874025 0.122628235 0.040815269 0.111403496 0.122628235
              0.030738993 0.103831047 0.122628235 0.031244001 0.103746773 0.122628235 0.019474998 0.094336189 0.122628235 0.033195538 0.104240974 0.122628235
              0.033599571 0.104555443 0.122628235 0.033946335 0.104932129 0.122628235 0.034599998 0.106836189 0.122628235 0.03455772 0.107346428 0.122628235
              0.034432034 0.107842758 0.122628235 0.031755995 0.103746773 0.122628235 0.034226368 0.105360748 0.122628235 0.034432034 0.10582962 0.122628235
              0.03455772 0.106325943 0.122628235 0.029400425 0.104555443 0.122628235 0.029053663 0.104932129 0.122628235 0.02877363 0.105360748 0.122628235
              0.029804459 0.104240974 0.122628235 0.030254742 0.103997292 0.122628235 0.041509293 0.111175819 0.122628235 0.033599571 0.109116928 0.122628235
              0.033195538 0.109431404 0.122628235 0.032745255 0.109675087 0.122628235 0.022184729 0.111403496 0.122628235 0.029804459 0.109431404 0.122628235
              0.029400425 0.109116928 0.122628235 0.029053663 0.10874025 0.122628235 0.02877363 0.108311623 0.122628235 0.021490705 0.111175819 0.122628235
              0.028567965 0.107842758 0.122628235 0.019375751 0.11036692 0.122628235 0.028442278 0.107346428 0.122628235 0.028399998 0.106836189 0.122628235
              0.028442278 0.106325943 0.122628235 0.028567965 0.10582962 0.122628235 0.031244001 0.109925598 0.122628235 0.030738993 0.109841331 0.122628235
              0.030254742 0.109675087 0.122628235 0.032261002 0.109841331 0.122628235 0.031755995 0.109925598 0.122628235 0.023659063 0.111828178 0.122628235
              0.039340935 0.111828178 0.122628235 0.025869255 0.112320526 0.122628235 0.034890507 0.112650215 0.122628235 0.037130741 0.112320526 0.122628235
              0.028109491 0.112650215 0.122628235 0.030367815 0.112815506 0.122628235 0.032632179 0.112815506 0.122628235 0.013462372 0.107048172 0.122628235
              0.015350848 0.108297577 0.122628235 0.017325485 0.109405792 0.122628235 0.003431102 0.094994347 0.122628235 0.004466466 0.097008141 0.122628235
              0.010074997 0.094336189 0.122628235 0.005646067 0.098940987 0.122628235 0.006963607 0.10078257 0.122628235 0.008412062 0.102523071 0.122628235
              0.009983698 0.104153198 0.122628235 0.011670135 0.105664246 0.122628235 0.009599998 0.081836189 0.122628235 0.009557718 0.082346428 0.122628235
              0.003442278 0.082346428 0.122628235 0.000499997 0.081836189 0.122628235 0.003567964 0.082842758 0.122628235 0.000582697 0.084099045 0.122628235
              0.006244002 0.07874678 0.122628235 0.006755995 0.07874678 0.122628235 0.010074997 0.069336189 0.122628235 0.007261003 0.078831047 0.122628235
              0.007745255 0.078997292 0.122628235 0.003399998 0.081836189 0.122628235 0.003442278 0.081325943 0.122628235 0.000573572 0.079701668 0.122628235
              0.003567964 0.08082962 0.122628235 0.000793945 0.077577271 0.122628235 0.00377363 0.080360748 0.122628235 0.004053663 0.079932129 0.122628235
              0.001160072 0.075473099 0.122628235 0.004400424 0.079555443 0.122628235 0.001670215 0.073399124 0.122628235 0.004804459 0.079240967 0.122628235
              0.002321951 0.071365204 0.122628235 0.005254742 0.078997292 0.122628235 0.003112186 0.069380981 0.122628235 0.005738994 0.078831047 0.122628235
              0.004037171 0.067455887 0.122628235 0.008946333 0.08374025 0.122628235 0.008599572 0.084116936 0.122628235 0.008195539 0.084431404 0.122628235
              0.007745255 0.084675087 0.122628235 0.007261003 0.084841331 0.122628235 0.006755995 0.084925598 0.122628235 0.009432031 0.082842758 0.122628235
              0.009226367 0.083311623 0.122628235 0.005254742 0.084675087 0.122628235 0.004804459 0.084431404 0.122628235 0.001241647 0.088576523 0.122628235
              0.004400424 0.084116936 0.122628235 0.000830354 0.086349823 0.122628235 0.004053663 0.08374025 0.122628235 0.00377363 0.083311623 0.122628235
              0.008195539 0.079240967 0.122628235 0.008599572 0.079555443 0.122628235 0.008946333 0.079932129 0.122628235 0.009226367 0.080360748 0.122628235
              0.009432031 0.08082962 0.122628235 0.009557718 0.081325943 0.122628235 0.006244002 0.084925598 0.122628235 0.005738994 0.084841331 0.122628235
              0.002545498 0.092910347 0.122628235 0.00181438 0.090767258 0.122628235 0.005092515 0.065599045 0.122628235 0.006273208 0.063819279 0.122628235
              0.010508524 0.05902483 0.122628235 0.008987654 0.060524353 0.122628235 0.007573646 0.062125031 0.122628235 0.011999998 0.057737431 0.122628235
              0.019474998 0.069336189 0.122628235 0.011999998 0.024499998 0.122628235 0.010074997 0.000500001 0.122628235 0.010119028 0.011427492 0.122628235
              0.019474998 0.000500001 0.122628235 0.010284187 0.01163204 0.122628235 0.0104124 0.011861555 0.122628235 0.010544414 0.012631446 0.122628235
              0.010499984 0.01289057 0.122628235 0.019474998 0.033893093 0.122628235 0.010119028 0.013572507 0.122628235 0.010284187 0.013367958 0.122628235
              0.0104124 0.013138451 0.122628235 0.010499984 0.012109436 0.122628235 0.010544414 0.012368552 0.122628235 0.010549998 0.012500003 0.122628235
              0.009196874 0.010962553 0.122628235 0.009453873 0.011017941 0.122628235 0.009921679 0.013746195 0.122628235 0.009697814 0.013884038 0.122628235
              0.009453873 0.013982058 0.122628235 0.008934213 0.0109514 0.122628235 0.00842207 0.013938226 0.122628235 0.00818732 0.013819874 0.122628235
              0.001999998 0.024499998 0.122628235 0.009697814 0.011115969 0.122628235 0.009921679 0.011253804 0.122628235 0.009196874 0.014037445 0.122628235
              0.008934213 0.014048606 0.122628235 0.008673445 0.014015213 0.122628235 0.007975951 0.013663546 0.122628235 0.007794041 0.013473742 0.122628235
              0.007646825 0.013255932 0.122628235 0.007472291 0.012238048 0.122628235 0.007538537 0.011983633 0.122628235 0.001999998 0.000500001 0.122628235
              0.007646825 0.011744075 0.122628235 0.007794041 0.011526257 0.122628235 0.007975951 0.011336461 0.122628235 0.00818732 0.011180133 0.122628235
              0.00842207 0.011061772 0.122628235 0.008673445 0.010984786 0.122628235 0.007538537 0.013016365 0.122628235 0.007472291 0.01276195 0.122628235
              0.007449996 0.012500003 0.122628235 0.061 0.024499998 0.122628235 0.061 0.000500001 0.122628235 0.057574997 0.024499998 0.122628235
              0.057574997 0.000500001 0.122628235 0.043524998 0.000500001 0.122628235 0.052449997 0.012500003 0.122628235 0.052472294 0.012238048 0.122628235
              0.053187321 0.011180133 0.122628235 0.052975952 0.011336461 0.122628235 0.052794044 0.011526257 0.122628235 0.054196877 0.010962553 0.122628235
              0.054453873 0.011017941 0.122628235 0.054697815 0.011115969 0.122628235 0.05492168 0.011253804 0.122628235 0.05511903 0.013572507 0.122628235
              0.05492168 0.013746195 0.122628235 0.051 0.024499998 0.122628235 0.055284187 0.013367958 0.122628235 0.054697815 0.013884038 0.122628235
              0.054453873 0.013982058 0.122628235 0.054196877 0.014037445 0.122628235 0.053934216 0.014048606 0.122628235 0.053673447 0.014015213 0.122628235
              0.05342207 0.013938226 0.122628235 0.053187321 0.013819874 0.122628235 0.052975952 0.013663546 0.122628235 0.052794044 0.013473742 0.122628235
              0.05342207 0.011061772 0.122628235 0.053673447 0.010984794 0.122628235 0.053934216 0.0109514 0.122628235 0.055412403 0.011861555 0.122628235
              0.055499985 0.012109436 0.122628235 0.05253854 0.011983633 0.122628235 0.052646828 0.011744075 0.122628235 0.05511903 0.011427492 0.122628235
              0.055284187 0.01163204 0.122628235 0.055412403 0.013138451 0.122628235 0.055499985 0.01289057 0.122628235 0.052646828 0.013255924 0.122628235
              0.05253854 0.013016365 0.122628235 0.052472294 0.01276195 0.122628235 0.055544415 0.012368552 0.122628235 0.055549999 0.012500003 0.122628235
              0.055544415 0.012631446 0.122628235 0.055426353 0.062125031 0.122628235 0.054012341 0.060524353 0.122628235 0.052491474 0.05902483 0.122628235
              0.056726788 0.063819279 0.122628235 0.058599571 0.079555443 0.122628235 0.061839924 0.075473099 0.122628235 0.058195538 0.079240967 0.122628235
              0.061329781 0.073399124 0.122628235 0.057745255 0.078997292 0.122628235 0.060678047 0.071365204 0.122628235 0.05988781 0.069380981 0.122628235
              0.05344228 0.081325943 0.122628235 0.053567966 0.08082962 0.122628235 0.054804459 0.084431404 0.122628235 0.054400425 0.084116936 0.122628235
              0.054053661 0.08374025 0.122628235 0.053773632 0.083311623 0.122628235 0.053567966 0.082842758 0.122628235 0.05344228 0.082346428 0.122628235
              0.057261002 0.084841331 0.122628235 0.056755993 0.084925598 0.122628235 0.053399998 0.081836189 0.122628235 0.056244003 0.07874678 0.122628235
              0.056755993 0.07874678 0.122628235 0.057261002 0.078831047 0.122628235 0.056244003 0.084925598 0.122628235 0.055738995 0.084841331 0.122628235
              0.055254742 0.084675087 0.122628235 0.054400425 0.079555443 0.122628235 0.054804459 0.079240967 0.122628235 0.055254742 0.078997292 0.122628235
              0.055738995 0.078831047 0.122628235 0.053773632 0.080360748 0.122628235 0.054053661 0.079932129 0.122628235 0.033599571 0.054555443 0.122628235
              0.033946335 0.054932129 0.122628235 0.034226368 0.055360748 0.122628235 0.028399998 0.056836189 0.122628235 0.028442278 0.056325947 0.122628235
              0.028567965 0.055829617 0.122628235 0.02877363 0.055360748 0.122628235 0.029053663 0.054932129 0.122628235 0.029400425 0.054555443 0.122628235
              0.029804459 0.054240971 0.122628235 0.030254742 0.053997288 0.122628235 0.032261002 0.053831047 0.122628235 0.032745255 0.053997288 0.122628235
              0.033195538 0.054240971 0.122628235 0.03455772 0.057346428 0.122628235 0.034432034 0.057842758 0.122628235 0.032745255 0.059675087 0.122628235
              0.033195538 0.059431404 0.122628235 0.033599571 0.059116928 0.122628235 0.029053663 0.058740246 0.122628235 0.02877363 0.058311623 0.122628235
              0.034432034 0.055829617 0.122628235 0.03455772 0.056325947 0.122628235 0.034599998 0.056836189 0.122628235 0.030738993 0.059841328 0.122628235
              0.030254742 0.059675087 0.122628235 0.028567965 0.057842758 0.122628235 0.028442278 0.057346428 0.122628235 0.030738993 0.053831047 0.122628235
              0.031244001 0.053746777 0.122628235 0.031755995 0.053746777 0.122628235 0.034226368 0.058311623 0.122628235 0.033946335 0.058740246 0.122628235
              0.032261002 0.059841328 0.122628235 0.031755995 0.059925602 0.122628235 0.031244001 0.059925602 0.122628235 0.029804459 0.059431404 0.122628235
              0.029400425 0.059116928 0.122628235 0.019474998 0.033893093 0.127628235 0.019474998 0.000500001 0.127628235 0.043524998 0.000500001 0.127628235
              0.058962822 0.067455887 0.127628235 0.05988781 0.069380981 0.127628235 0.057574997 0.069336189 0.127628235 0.058195538 0.084431404 0.127628235
              0.058599571 0.084116936 0.127628235 0.06175835 0.088576523 0.127628235 0.062169643 0.086349823 0.127628235 0.058946335 0.08374025 0.127628235
              0.062417297 0.084099045 0.127628235 0.059226368 0.083311623 0.127628235 0.05943203 0.082842758 0.127628235 0.0625 0.081836189 0.127628235
              0.05955772 0.082346428 0.127628235 0.057745255 0.084675087 0.127628235 0.061185616 0.090767258 0.127628235 0.057574997 0.094336189 0.127628235
              0.060454498 0.092910347 0.127628235 0.059568893 0.094994347 0.127628235 0.059599998 0.081836189 0.127628235 0.05955772 0.081325943 0.127628235
              0.062426422 0.079701668 0.127628235 0.05943203 0.08082962 0.127628235 0.062206051 0.077577271 0.127628235 0.059226368 0.080360748 0.127628235
              0.058946335 0.079932129 0.127628235 0.061839924 0.075473099 0.127628235 0.058599571 0.079555443 0.127628235 0.061329781 0.073399124 0.127628235
              0.058195538 0.079240967 0.127628235 0.060678047 0.071365204 0.127628235 0.057745255 0.078997292 0.127628235 0.05344228 0.081325943 0.127628235
              0.053399998 0.081836189 0.127628235 0.043524998 0.094336189 0.127628235 0.05344228 0.082346428 0.127628235 0.053567966 0.082842758 0.127628235
              0.053773632 0.083311623 0.127628235 0.054053661 0.08374025 0.127628235 0.054400425 0.084116936 0.127628235 0.057261002 0.078831047 0.127628235
              0.056755993 0.07874678 0.127628235 0.054804459 0.084431404 0.127628235 0.055254742 0.084675087 0.127628235 0.055738995 0.084841331 0.127628235
              0.056244003 0.084925598 0.127628235 0.055254742 0.078997292 0.127628235 0.043524998 0.069336189 0.127628235 0.055738995 0.078831047 0.127628235
              0.056244003 0.07874678 0.127628235 0.054804459 0.079240967 0.127628235 0.054400425 0.079555443 0.127628235 0.054053661 0.079932129 0.127628235
              0.056755993 0.084925598 0.127628235 0.057261002 0.084841331 0.127628235 0.053773632 0.080360748 0.127628235 0.053567966 0.08082962 0.127628235
              0.011999998 0.057737431 0.127628235 0.011999998 0.024499998 0.127628235 0.010119028 0.013572507 0.127628235 0.010284187 0.013367958 0.127628235
              0.010544414 0.012368552 0.127628235 0.010499984 0.012109436 0.127628235 0.010549998 0.012500003 0.127628235 0.0104124 0.013138451 0.127628235
              0.010499984 0.01289057 0.127628235 0.010544414 0.012631446 0.127628235 0.0104124 0.011861555 0.127628235 0.010284187 0.01163204 0.127628235
              0.010074997 0.000500001 0.127628235 0.010119028 0.011427492 0.127628235 0.009921679 0.011253804 0.127628235 0.009196874 0.014037445 0.127628235
              0.009453873 0.013982058 0.127628235 0.009697814 0.011115969 0.127628235 0.009453873 0.011017941 0.127628235 0.009196874 0.010962553 0.127628235
              0.001999998 0.000500001 0.127628235 0.00818732 0.011180133 0.127628235 0.007975951 0.011336461 0.127628235 0.009697814 0.013884038 0.127628235
              0.009921679 0.013746195 0.127628235 0.008934213 0.0109514 0.127628235 0.008673445 0.010984786 0.127628235 0.00842207 0.011061772 0.127628235
              0.007794041 0.011526257 0.127628235 0.007646825 0.011744075 0.127628235 0.007538537 0.011983633 0.127628235 0.001999998 0.024499998 0.127628235
              0.007975951 0.013663546 0.127628235 0.00818732 0.013819874 0.127628235 0.007538537 0.013016365 0.127628235 0.007646825 0.013255932 0.127628235
              0.007794041 0.013473742 0.127628235 0.00842207 0.013938226 0.127628235 0.008673445 0.014015213 0.127628235 0.008934213 0.014048606 0.127628235
              0.007472291 0.012238048 0.127628235 0.007449996 0.012500003 0.127628235 0.007472291 0.01276195 0.127628235 0.057574997 0.000500001 0.127628235
              0.054697815 0.011115969 0.127628235 0.054453873 0.011017941 0.127628235 0.054453873 0.013982058 0.127628235 0.054697815 0.013884038 0.127628235
              0.057574997 0.024499998 0.127628235 0.05492168 0.013746195 0.127628235 0.055412403 0.011861555 0.127628235 0.055284187 0.01163204 0.127628235
              0.053673447 0.010984794 0.127628235 0.053934216 0.0109514 0.127628235 0.054196877 0.010962553 0.127628235 0.052794044 0.013473742 0.127628235
              0.052975952 0.013663546 0.127628235 0.051 0.024499998 0.127628235 0.053187321 0.013819874 0.127628235 0.05342207 0.013938226 0.127628235
              0.055549999 0.012500003 0.127628235 0.055544415 0.012368552 0.127628235 0.055499985 0.012109436 0.127628235 0.05511903 0.011427492 0.127628235
              0.05492168 0.011253804 0.127628235 0.05342207 0.011061772 0.127628235 0.053187321 0.011180133 0.127628235 0.052975952 0.011336461 0.127628235
              0.053673447 0.014015213 0.127628235 0.053934216 0.014048606 0.127628235 0.054196877 0.014037445 0.127628235 0.05511903 0.013572507 0.127628235
              0.055284187 0.013367958 0.127628235 0.055412403 0.013138451 0.127628235 0.055499985 0.01289057 0.127628235 0.055544415 0.012631446 0.127628235
              0.052794044 0.011526257 0.127628235 0.052646828 0.011744075 0.127628235 0.05253854 0.011983633 0.127628235 0.052472294 0.012238048 0.127628235
              0.052449997 0.012500003 0.127628235 0.052472294 0.01276195 0.127628235 0.05253854 0.013016365 0.127628235 0.052646828 0.013255924 0.127628235
              0.061 0.000500001 0.127628235 0.061 0.024499998 0.127628235 0.004037171 0.067455887 0.127628235 0.005092515 0.065599045 0.127628235
              0.010074997 0.069336189 0.127628235 0.006273208 0.063819279 0.127628235 0.007573646 0.062125031 0.127628235 0.008987654 0.060524353 0.127628235
              0.010508524 0.05902483 0.127628235 0.019474998 0.069336189 0.127628235 0.003399998 0.081836189 0.127628235 0.003442278 0.082346428 0.127628235
              0.000499997 0.081836189 0.127628235 0.005254742 0.084675087 0.127628235 0.005738994 0.084841331 0.127628235 0.003431102 0.094994347 0.127628235
              0.000582697 0.084099045 0.127628235 0.003567964 0.082842758 0.127628235 0.00377363 0.083311623 0.127628235 0.000830354 0.086349823 0.127628235
              0.004053663 0.08374025 0.127628235 0.001241647 0.088576523 0.127628235 0.000793945 0.077577271 0.127628235 0.00377363 0.080360748 0.127628235
              0.000573572 0.079701668 0.127628235 0.003567964 0.08082962 0.127628235 0.003442278 0.081325943 0.127628235 0.009557718 0.081325943 0.127628235
              0.009432031 0.08082962 0.127628235 0.009226367 0.080360748 0.127628235 0.008946333 0.079932129 0.127628235 0.007745255 0.078997292 0.127628235
              0.007261003 0.078831047 0.127628235 0.006755995 0.07874678 0.127628235 0.006244002 0.07874678 0.127628235 0.003112186 0.069380981 0.127628235
              0.005738994 0.078831047 0.127628235 0.002321951 0.071365204 0.127628235 0.005254742 0.078997292 0.127628235 0.001670215 0.073399124 0.127628235
              0.004804459 0.079240967 0.127628235 0.001160072 0.075473099 0.127628235 0.004400424 0.079555443 0.127628235 0.004053663 0.079932129 0.127628235
              0.004400424 0.084116936 0.127628235 0.004804459 0.084431404 0.127628235 0.00181438 0.090767258 0.127628235 0.002545498 0.092910347 0.127628235
              0.006244002 0.084925598 0.127628235 0.006755995 0.084925598 0.127628235 0.010074997 0.094336189 0.127628235 0.007261003 0.084841331 0.127628235
              0.007745255 0.084675087 0.127628235 0.008195539 0.084431404 0.127628235 0.008599572 0.084116936 0.127628235 0.008946333 0.08374025 0.127628235
              0.009226367 0.083311623 0.127628235 0.008599572 0.079555443 0.127628235 0.008195539 0.079240967 0.127628235 0.009432031 0.082842758 0.127628235
              0.009557718 0.082346428 0.127628235 0.009599998 0.081836189 0.127628235 0.006963607 0.10078257 0.127628235 0.005646067 0.098940987 0.127628235
              0.008412062 0.102523071 0.127628235 0.004466466 0.097008141 0.127628235 0.019375751 0.11036692 0.127628235 0.017325485 0.109405792 0.127628235
              0.019474998 0.094336189 0.127628235 0.015350848 0.108297577 0.127628235 0.013462372 0.107048172 0.127628235 0.011670135 0.105664246 0.127628235
              0.009983698 0.104153198 0.127628235 0.034226368 0.105360748 0.127628235 0.033946335 0.104932129 0.127628235 0.043624245 0.11036692 0.127628235
              0.034599998 0.106836189 0.127628235 0.03455772 0.106325943 0.127628235 0.034432034 0.10582962 0.127628235 0.033599571 0.104555443 0.127628235
              0.033195538 0.104240974 0.127628235 0.032745255 0.103997292 0.127628235 0.030738993 0.103831047 0.127628235 0.030254742 0.103997292 0.127628235
              0.028399998 0.106836189 0.127628235 0.028442278 0.107346428 0.127628235 0.028567965 0.107842758 0.127628235 0.032745255 0.109675087 0.127628235
              0.033195538 0.109431404 0.127628235 0.040815269 0.111403496 0.127628235 0.034226368 0.108311623 0.127628235 0.041509293 0.111175819 0.127628235
              0.034432034 0.107842758 0.127628235 0.03455772 0.107346428 0.127628235 0.032261002 0.103831047 0.127628235 0.031755995 0.103746773 0.127628235
              0.031244001 0.103746773 0.127628235 0.02877363 0.108311623 0.127628235 0.029053663 0.10874025 0.127628235 0.022184729 0.111403496 0.127628235
              0.029400425 0.109116928 0.127628235 0.033599571 0.109116928 0.127628235 0.033946335 0.10874025 0.127628235 0.029804459 0.104240974 0.127628235
              0.029400425 0.104555443 0.127628235 0.029053663 0.104932129 0.127628235 0.021490705 0.111175819 0.127628235 0.02877363 0.105360748 0.127628235
              0.028567965 0.10582962 0.127628235 0.028442278 0.106325943 0.127628235 0.029804459 0.109431404 0.127628235 0.030254742 0.109675087 0.127628235
              0.030738993 0.109841331 0.127628235 0.031244001 0.109925598 0.127628235 0.031755995 0.109925598 0.127628235 0.032261002 0.109841331 0.127628235
              0.023659063 0.111828178 0.127628235 0.039340935 0.111828178 0.127628235 0.028109491 0.112650215 0.127628235 0.034890507 0.112650215 0.127628235
              0.030367815 0.112815506 0.127628235 0.032632179 0.112815506 0.127628235 0.037130741 0.112320526 0.127628235 0.025869255 0.112320526 0.127628235
              0.054587936 0.102523071 0.127628235 0.053016296 0.104153198 0.127628235 0.051329861 0.105664246 0.127628235 0.049537624 0.107048172 0.127628235
              0.047649147 0.108297577 0.127628235 0.045674511 0.109405792 0.127628235 0.058533531 0.097008141 0.127628235 0.057353931 0.098940987 0.127628235
              0.056036388 0.10078257 0.127628235 0.051 0.057737431 0.127628235 0.052491474 0.05902483 0.127628235 0.054012341 0.060524353 0.127628235
              0.055426353 0.062125031 0.127628235 0.056726788 0.063819279 0.127628235 0.057907482 0.065599045 0.127628235 0.03455772 0.057346428 0.127628235
              0.034599998 0.056836189 0.127628235 0.043524998 0.033893093 0.127628235 0.03455772 0.056325947 0.127628235 0.034432034 0.055829617 0.127628235
              0.034226368 0.055360748 0.127628235 0.033946335 0.054932129 0.127628235 0.033599571 0.054555443 0.127628235 0.033195538 0.054240971 0.127628235
              0.031244001 0.053746777 0.127628235 0.030738993 0.053831047 0.127628235 0.030254742 0.053997288 0.127628235 0.029804459 0.054240971 0.127628235
              0.029400425 0.054555443 0.127628235 0.032745255 0.053997288 0.127628235 0.032261002 0.053831047 0.127628235 0.031755995 0.053746777 0.127628235
              0.029053663 0.054932129 0.127628235 0.02877363 0.055360748 0.127628235 0.028567965 0.055829617 0.127628235 0.028442278 0.056325947 0.127628235
              0.030738993 0.059841328 0.127628235 0.031244001 0.059925602 0.127628235 0.033946335 0.058740246 0.127628235 0.034226368 0.058311623 0.127628235
              0.034432034 0.057842758 0.127628235 0.028399998 0.056836189 0.127628235 0.028442278 0.057346428 0.127628235 0.028567965 0.057842758 0.127628235
              0.032261002 0.059841328 0.127628235 0.032745255 0.059675087 0.127628235 0.031755995 0.059925602 0.127628235 0.033195538 0.059431404 0.127628235
              0.033599571 0.059116928 0.127628235 0.02877363 0.058311623 0.127628235 0.029053663 0.058740246 0.127628235 0.029400425 0.059116928 0.127628235
              0.029804459 0.059431404 0.127628235 0.030254742 0.059675087 0.127628235 0.001499997 0.000500001 0.127128227 0.001499997 0.024499998 0.127128227
              0.001499997 0.000500001 0.123128235 0.001499997 0.024499998 0.123128235 0.010999998 0.024999998 0.123128235 0.001999998 0.024999998 0.123128235
              0.010999998 0.024999998 0.127128227 0.001999998 0.024999998 0.127128227 0.011499999 0.057264866 0.123128235 0.011499999 0.0255 0.123128235
              0.011499999 0.057264866 0.127128227 0.011499999 0.0255 0.127128227 0.0515 0.057264866 0.127128227 0.0515 0.0255 0.127128227
              0.0515 0.057264866 0.123128235 0.0515 0.0255 0.123128235 0.051999996 0.024999998 0.127128227 0.061 0.024999998 0.127128227
              0.051999996 0.024999998 0.123128235 0.061 0.024999998 0.123128235 0.061499996 0.024499998 0.127128227 0.061499996 0.000500001 0.127128227
              0.061499996 0.024499998 0.123128235 0.061499996 0.000500001 0.123128235 0.061 0 0.127128227 0.001999998 0 0.127128227
              0.061 0 0.123128235 0.001999998 0 0.123128235 0.05149382 0.025487646 0.127206596 0.051495762 0.025491528 0.127193199
              0.051498837 0.025497675 0.127162323 0.051474155 0.025448315 0.127286896 0.051483555 0.025467119 0.127255394 0.051494404 0.057270103 0.127202827
              0.05148785 0.057276234 0.12723777 0.051478741 0.057284767 0.127272469 0.051475506 0.0572878 0.127282799 0.051499546 0.057265285 0.127149475
              0.051490704 0.025481411 0.12722419 0.051466965 0.057295803 0.127306953 0.051447678 0.025395355 0.127350914 0.051462288 0.025424578 0.127318726
              0.051450607 0.057311138 0.127344925 0.051445454 0.057315971 0.127355324 0.05143 0.025360003 0.127383385 0.051403725 0.025307455 0.127423195
              0.05143145 0.057329109 0.127380905 0.051404263 0.057354637 0.127422455 0.051382339 0.025264681 0.127450439 0.051352543 0.025205091 0.127482788
              0.051388573 0.057369389 0.127442894 0.051353352 0.057402515 0.127481979 0.051341106 0.057414047 0.127493813 0.051293007 0.025086016 0.127533379
              0.051316223 0.025132448 0.127515541 0.051322411 0.05743166 0.127510399 0.051293533 0.057458889 0.127533005 0.051228825 0.024957657 0.127572792
              0.051256752 0.057493614 0.127557281 0.051226673 0.057522057 0.127573891 0.051153767 0.024807535 0.127604004 0.051182507 0.057563869 0.127593727
              0.05117218 0.057573658 0.127597649 0.051154339 0.057590572 0.127603813 0.051120975 0.024741947 0.12761338 0.05107785 0.024655706 0.127622131
              0.051089802 0.057651875 0.127620102 0.051078159 0.057662949 0.127622086 0.051003235 0.057734344 0.12762822 0.051967117 0.024983562 0.127255394
              0.051948315 0.024974159 0.127286896 0.061 0.024975531 0.127282738 0.061 0.02457822 0.127622086 0.051155704 0.024577856 0.127622131
              0.051241951 0.024620972 0.12761338 0.051307533 0.02465377 0.127604004 0.061 0.024654507 0.127603752 0.061 0.024726994 0.12757373
              0.051457653 0.024728827 0.127572792 0.061 0.024793894 0.127532738 0.051586018 0.024793007 0.127533379 0.061 0.024853558 0.127481789
              0.061 0.024904512 0.127422127 0.051807449 0.02490373 0.127423195 0.051764679 0.024882339 0.127450439 0.05170509 0.024852545 0.127482788
              0.051632446 0.024816223 0.127515541 0.061 0.024945505 0.127355232 0.051924576 0.024962292 0.127318726 0.051895355 0.024947681 0.127350914
              0.051860004 0.02493 0.127383385 0.061 0.024993845 0.127206444 0.051997673 0.024998837 0.127162323 0.051991524 0.02499576 0.127193199
              0.051987644 0.024993822 0.127206596 0.051981411 0.024990707 0.12722419 0.061493843 0.024499998 0.127206444 0.061493843 0.000500001 0.127206444
              0.061475525 0.024499998 0.127282738 0.061475525 0.000500001 0.127282738 0.061445499 0.024499998 0.127355232 0.061445499 0.000500001 0.127355232
              0.061404507 0.024499998 0.127422127 0.061404507 0.000500001 0.127422127 0.06135355 0.024499998 0.127481789 0.06135355 0.000500001 0.127481789
              0.061293892 0.024499998 0.127532738 0.061293892 0.000500001 0.127532738 0.061226994 0.024499998 0.12757373 0.061226994 0.000500001 0.12757373
              0.061154507 0.024499998 0.127603752 0.061154507 0.000500001 0.127603752 0.061078217 0.024499998 0.127622086 0.061078217 0.000500001 0.127622086
              0.061 6.154e-06 0.127206444 0.061 0.000421785 0.127622086 0.001999998 0.000421785 0.127622086 0.001999998 6.154e-06 0.127206444
              0.061 2.4475e-05 0.127282738 0.001999998 2.4475e-05 0.127282738 0.061 5.4494e-05 0.127355232 0.001999998 5.4494e-05 0.127355232
              0.061 9.5494e-05 0.127422127 0.001999998 9.5494e-05 0.127422127 0.061 0.000146449 0.127481789 0.001999998 0.000146449 0.127481789
              0.061 0.000206105 0.127532738 0.001999998 0.000206105 0.127532738 0.061 0.000273004 0.12757373 0.001999998 0.000273004 0.12757373
              0.061 0.000345491 0.127603752 0.001999998 0.000345491 0.127603752 0.001506153 0.000500001 0.127206444 0.001506153 0.024499998 0.127206444
              0.001524471 0.000500001 0.127282738 0.001524471 0.024499998 0.127282738 0.001554495 0.000500001 0.127355232 0.001554495 0.024499998 0.127355232
              0.00159549 0.000500001 0.127422127 0.00159549 0.024499998 0.127422127 0.001646444 0.000500001 0.127481789 0.001646444 0.024499998 0.127481789
              0.001706105 0.000500001 0.127532738 0.001706105 0.024499998 0.127532738 0.001773003 0.000500001 0.12757373 0.001773003 0.024499998 0.12757373
              0.00184549 0.000500001 0.127603752 0.00184549 0.024499998 0.127603752 0.00192178 0.000500001 0.127622086 0.00192178 0.024499998 0.127622086
              0.011516438 0.025467119 0.127255394 0.01152584 0.025448315 0.127286896 0.011524491 0.0572878 0.127282799 0.01153771 0.025424578 0.127318726
              0.011552319 0.025395355 0.127350914 0.011554543 0.057315971 0.127355324 0.011569996 0.025360003 0.127383385 0.011596272 0.025307455 0.127423195
              0.011595732 0.057354637 0.127422455 0.011617659 0.025264681 0.127450439 0.011647451 0.025205091 0.127482788 0.011646644 0.057402515 0.127481979
              0.011683775 0.025132448 0.127515541 0.011706989 0.025086016 0.127533379 0.01170646 0.057458889 0.127533005 0.011922145 0.024655706 0.127622131
              0.011996761 0.057734344 0.12762822 0.011921836 0.057662949 0.127622086 0.011879024 0.024741947 0.12761338 0.011846231 0.024807535 0.127604004
              0.011910194 0.057651875 0.127620102 0.011845657 0.057590572 0.127603813 0.011771171 0.024957657 0.127572792 0.011827815 0.057573658 0.127597649
              0.011817491 0.057563869 0.127593727 0.011773322 0.057522057 0.127573891 0.011743244 0.057493614 0.127557281 0.011658892 0.057414047 0.127493813
              0.011677588 0.05743166 0.127510399 0.011611426 0.057369389 0.127442894 0.011568544 0.057329109 0.127380905 0.011533031 0.057295803 0.127306953
              0.011549391 0.057311138 0.127344925 0.011521254 0.057284767 0.127272469 0.011506176 0.025487646 0.127206596 0.011509292 0.025481411 0.12722419
              0.011501162 0.025497675 0.127162323 0.011505594 0.057270103 0.127202827 0.01150045 0.057265285 0.127149475 0.011512143 0.057276234 0.12723777
              0.011504236 0.025491528 0.127193199 0.011002324 0.024998837 0.127162323 0.011032881 0.024983562 0.127255394 0.011018585 0.024990707 0.12722419
              0.001999998 0.024993845 0.127206444 0.011012353 0.024993822 0.127206596 0.011008473 0.02499576 0.127193199 0.011051681 0.024974159 0.127286896
              0.001999998 0.024975531 0.127282738 0.01107542 0.024962292 0.127318726 0.011104642 0.024947681 0.127350914 0.001999998 0.024945505 0.127355232
              0.011139993 0.02493 0.127383385 0.001999998 0.024904512 0.127422127 0.011192547 0.02490373 0.127423195 0.01141398 0.024793007 0.127533379
              0.01136755 0.024816223 0.127515541 0.001999998 0.024853558 0.127481789 0.011294907 0.024852545 0.127482788 0.011235317 0.024882339 0.127450439
              0.001999998 0.024654507 0.127603752 0.011542342 0.024728827 0.127572792 0.001999998 0.024726994 0.12757373 0.001999998 0.024793894 0.127532738
              0.011844293 0.024577856 0.127622131 0.011758048 0.024620972 0.12761338 0.011692463 0.02465377 0.127604004 0.001999998 0.02457822 0.127622086
              0.011506176 0.025487646 0.123049881 0.011504236 0.025491528 0.123063271 0.011501162 0.025497675 0.123094147 0.01152584 0.025448315 0.122969566
              0.011516438 0.025467119 0.123001068 0.011505594 0.057270103 0.123053635 0.011512143 0.057276234 0.1230187 0.011521254 0.057284767 0.122983994
              0.011524491 0.0572878 0.122973656 0.01150045 0.057265285 0.123106979 0.011509292 0.025481411 0.12303228 0.011533031 0.057295803 0.122949509
              0.011552319 0.025395355 0.122905563 0.01153771 0.025424578 0.122937729 0.011549391 0.057311138 0.122911552 0.011554543 0.057315971 0.122901138
              0.011569996 0.025360003 0.122873093 0.011596272 0.025307455 0.122833267 0.011568544 0.057329109 0.122875549 0.011595732 0.057354637 0.122834007
              0.011617659 0.025264681 0.12280603 0.011647451 0.025205091 0.122773674 0.011611426 0.057369389 0.122813568 0.011646644 0.057402515 0.122774483
              0.011658892 0.057414047 0.122762657 0.011706989 0.025086016 0.122723083 0.011683775 0.025132448 0.122740929 0.011677588 0.05743166 0.122746063
              0.01170646 0.057458889 0.122723465 0.011771171 0.024957657 0.12268367 0.011743244 0.057493614 0.122699196 0.011773322 0.057522057 0.122682564
              0.011846231 0.024807535 0.122652466 0.011817491 0.057563869 0.122662727 0.011827815 0.057573658 0.122658813 0.011845657 0.057590572 0.122652649
              0.011879024 0.024741947 0.122643089 0.011922145 0.024655706 0.122634331 0.011910194 0.057651875 0.12263636 0.011921836 0.057662949 0.122634384
              0.011996761 0.057734344 0.122628242 0.011032881 0.024983562 0.123001068 0.011051681 0.024974159 0.122969566 0.001999998 0.024975531 0.122973724
              0.001999998 0.02457822 0.122634392 0.011692463 0.02465377 0.122652466 0.011758048 0.024620972 0.122643089 0.011844293 0.024577856 0.122634331
              0.001999998 0.024654507 0.122652702 0.001999998 0.024726994 0.122682732 0.011542342 0.024728827 0.12268367 0.001999998 0.024793894 0.122723724
              0.01141398 0.024793007 0.122723083 0.001999998 0.024853558 0.122774673 0.001999998 0.024904512 0.122834343 0.011192547 0.02490373 0.122833267
              0.011235317 0.024882339 0.12280603 0.011294907 0.024852545 0.122773674 0.01136755 0.024816223 0.122740929 0.001999998 0.024945505 0.122901237
              0.01107542 0.024962292 0.122937729 0.011104642 0.024947681 0.122905563 0.011139993 0.02493 0.122873093 0.001999998 0.024993845 0.123050011
              0.011002324 0.024998837 0.123094147 0.011008473 0.02499576 0.123063271 0.011012353 0.024993822 0.123049881 0.011018585 0.024990707 0.12303228
              0.051483555 0.025467119 0.123001068 0.051474155 0.025448315 0.122969566 0.051475506 0.0572878 0.122973656 0.051462288 0.025424578 0.122937729
              0.051447678 0.025395355 0.122905563 0.051445454 0.057315971 0.122901138 0.05143 0.025360003 0.122873093 0.051403725 0.025307455 0.122833267
              0.051404263 0.057354637 0.122834007 0.051382339 0.025264681 0.12280603 0.051352543 0.025205091 0.122773674 0.051353352 0.057402515 0.122774483
              0.051316223 0.025132448 0.122740929 0.051293007 0.025086016 0.122723083 0.051293533 0.057458889 0.122723465 0.05107785 0.024655706 0.122634331
              0.051003235 0.057734344 0.122628242 0.051078159 0.057662949 0.122634384 0.051120975 0.024741947 0.122643089 0.051153767 0.024807535 0.122652466
              0.051089802 0.057651875 0.12263636 0.051154339 0.057590572 0.122652649 0.051228825 0.024957657 0.12268367 0.05117218 0.057573658 0.122658813
              0.051182507 0.057563869 0.122662727 0.051226673 0.057522057 0.122682564 0.051256752 0.057493614 0.122699196 0.051341106 0.057414047 0.122762657
              0.051322411 0.05743166 0.122746063 0.051388573 0.057369389 0.122813568 0.05143145 0.057329109 0.122875549 0.051466965 0.057295803 0.122949509
              0.051450607 0.057311138 0.122911552 0.051478741 0.057284767 0.122983994 0.05149382 0.025487646 0.123049881 0.051490704 0.025481411 0.12303228
              0.051498837 0.025497675 0.123094147 0.051494404 0.057270103 0.123053635 0.051499546 0.057265285 0.123106979 0.05148785 0.057276234 0.1230187
              0.051495762 0.025491528 0.123063271 0.001506153 0.024499998 0.123050011 0.001506153 0.000500001 0.123050011 0.001524471 0.024499998 0.122973724
              0.001524471 0.000500001 0.122973724 0.001554495 0.024499998 0.122901237 0.001554495 0.000500001 0.122901237 0.00159549 0.024499998 0.122834343
              0.00159549 0.000500001 0.122834343 0.001646444 0.024499998 0.122774673 0.001646444 0.000500001 0.122774673 0.001706105 0.024499998 0.122723724
              0.001706105 0.000500001 0.122723724 0.001773003 0.024499998 0.122682732 0.001773003 0.000500001 0.122682732 0.00184549 0.024499998 0.122652702
              0.00184549 0.000500001 0.122652702 0.00192178 0.024499998 0.122634392 0.00192178 0.000500001 0.122634392 0.051155704 0.024577856 0.122634331
              0.051997673 0.024998837 0.123094147 0.051967117 0.024983562 0.123001068 0.051981411 0.024990707 0.12303228 0.061 0.024993845 0.123050011
              0.051987644 0.024993822 0.123049881 0.051991524 0.02499576 0.123063271 0.051948315 0.024974159 0.122969566 0.061 0.024975531 0.122973724
              0.051924576 0.024962292 0.122937729 0.051895355 0.024947681 0.122905563 0.061 0.024945505 0.122901237 0.051860004 0.02493 0.122873093
              0.061 0.024904512 0.122834343 0.051807449 0.02490373 0.122833267 0.051586018 0.024793007 0.122723083 0.051632446 0.024816223 0.122740929
              0.061 0.024853558 0.122774673 0.05170509 0.024852545 0.122773674 0.051764679 0.024882339 0.12280603 0.061 0.024793894 0.122723724
              0.061 0.024726994 0.122682732 0.051457653 0.024728827 0.12268367 0.061 0.024654507 0.122652702 0.051307533 0.02465377 0.122652466
              0.061 0.02457822 0.122634392 0.051241951 0.024620972 0.122643089 0.001999998 6.154e-06 0.123050011 0.061 6.154e-06 0.123050011
              0.001999998 2.4475e-05 0.122973724 0.061 2.4475e-05 0.122973724 0.001999998 5.4494e-05 0.122901237 0.061 5.4494e-05 0.122901237
              0.001999998 9.5494e-05 0.122834343 0.061 9.5494e-05 0.122834343 0.001999998 0.000146449 0.122774673 0.061 0.000146449 0.122774673
              0.001999998 0.000206105 0.122723724 0.061 0.000206105 0.122723724 0.001999998 0.000273004 0.122682732 0.061 0.000273004 0.122682732
              0.001999998 0.000345491 0.122652702 0.061 0.000345491 0.122652702 0.001999998 0.000421785 0.122634392 0.061 0.000421785 0.122634392
              0.061493843 0.000500001 0.123050011 0.061493843 0.024499998 0.123050011 0.061475525 0.000500001 0.122973724 0.061475525 0.024499998 0.122973724
              0.061445499 0.000500001 0.122901237 0.061445499 0.024499998 0.122901237 0.061404507 0.000500001 0.122834343 0.061404507 0.024499998 0.122834343
              0.06135355 0.000500001 0.122774673 0.06135355 0.024499998 0.122774673 0.061293892 0.000500001 0.122723724 0.061293892 0.024499998 0.122723724
              0.061226994 0.000500001 0.122682732 0.061226994 0.024499998 0.122682732 0.061154507 0.000500001 0.122652702 0.061154507 0.024499998 0.122652702
              0.061078217 0.000500001 0.122634392 0.061078217 0.024499998 0.122634392 0.05113266 0.024729616 0.127610771 0.051248779 0.024933048 0.127563744
              0.051339542 0.02509585 0.127499268 0.051404728 0.025216766 0.127428917 0.051499229 0.025406384 0.127211182 0.051506153 0.025421783 0.127128227
              0.051524471 0.02534549 0.127128227 0.051505302 0.025419868 0.127157433 0.051503029 0.025414787 0.12718409 0.051919865 0.025005302 0.127157433
              0.051914783 0.025003031 0.12718409 0.051554497 0.025273003 0.127128227 0.051523823 0.025343962 0.127153519 0.051522068 0.025339893 0.127176773
              0.051519077 0.025333122 0.127200737 0.05159549 0.025206112 0.127128227 0.05155394 0.025271826 0.127150658 0.051552422 0.02526866 0.12717141
              0.051549786 0.025263332 0.127193092 0.051545765 0.025255554 0.127216118 0.051646446 0.025146446 0.127128227 0.051594917 0.02520521 0.127148895
              0.051593357 0.025202795 0.127168152 0.051590626 0.025198668 0.127188446 0.051586441 0.025192537 0.127210243 0.051580402 0.025183968 0.127233994
              0.051706104 0.025095493 0.127128227 0.051645756 0.025145761 0.127148315 0.051643887 0.025143892 0.127167046 0.051640648 0.02514065 0.127186882
              0.051635738 0.02513574 0.127208275 0.051628738 0.025128736 0.127231689 0.051619106 0.02511911 0.127257484 0.051773003 0.025054499 0.127128227
              0.051705212 0.025094919 0.127148895 0.051702793 0.025093361 0.127168152 0.051698669 0.025090628 0.127188446 0.051692535 0.025086447 0.127210243
              0.051683968 0.025080404 0.127233994 0.051672421 0.025071993 0.127260033 0.051657219 0.025060572 0.127288612 0.05184549 0.025024473 0.127128227
              0.05177182 0.02505394 0.127150658 0.051768658 0.025052429 0.12717141 0.051763332 0.025049784 0.127193092 0.05175555 0.025045767 0.127216118
              0.0517449 0.025040001 0.127240868 0.051730846 0.025032021 0.127267632 0.05171273 0.02502124 0.127296654 0.05168977 0.025006979 0.127328041
              0.051906384 0.024999231 0.127211182 0.051894413 0.024993732 0.12723896 0.051878513 0.024986305 0.127267601 0.051858212 0.024976612 0.127297279
              0.051832924 0.024964266 0.127328094 0.051801945 0.024948792 0.127360077 0.05192178 0.025006153 0.127128227 0.05184396 0.025023825 0.127153519
              0.051839897 0.025022074 0.127176773 0.051833115 0.025019079 0.127200737 0.051823353 0.025014631 0.127225754 0.051810215 0.02500841 0.127252144
              0.051793198 0.025000013 0.127280128 0.051771664 0.024988941 0.127309906 0.051744873 0.0249746 0.127341522 0.051669472 0.024931818 0.127411903
              0.051716763 0.024904728 0.127428917 0.051595844 0.024839542 0.127499268 0.051433044 0.024748779 0.127563744 0.051559559 0.024865381 0.127486465
              0.051623421 0.024963245 0.127399582 0.051637569 0.025045395 0.127319855 0.051606178 0.025106184 0.127285912 0.051571991 0.025172421 0.127260033
              0.051540001 0.0252449 0.127240868 0.051514626 0.025323353 0.127225754 0.051144474 0.024717293 0.127608734 0.051269638 0.024908543 0.127556664
              0.051156406 0.024705 0.127607285 0.051365379 0.025059559 0.127486465 0.051291313 0.024884254 0.127551582 0.051168438 0.024692751 0.127606407
              0.051448788 0.025301949 0.127360077 0.051431816 0.02516947 0.127411903 0.051393509 0.025023899 0.127477242 0.051313709 0.024860285 0.127548531
              0.051180557 0.024680555 0.127606125 0.05146426 0.025332928 0.127328094 0.051474594 0.025244877 0.127341522 0.051463238 0.025123425 0.127399582
              0.051423695 0.024989172 0.127471687 0.051336735 0.024836735 0.127547516 0.051192749 0.02466844 0.127606407 0.051476608 0.025358215 0.127297279
              0.051488937 0.025271669 0.127309906 0.051506981 0.025189772 0.127328041 0.051498596 0.025079212 0.127392113 0.051455673 0.024955675 0.127469826
              0.051360283 0.024813711 0.127548531 0.051204998 0.024656408 0.127607285 0.051493732 0.025394409 0.12723896 0.051508408 0.025310219 0.127252144
              0.051532021 0.025230846 0.127267632 0.051560566 0.025157221 0.127288612 0.051589169 0.025089174 0.127317116 0.051579212 0.024998598 0.127392113
              0.051523899 0.024893515 0.127477242 0.051408539 0.024769642 0.127556664 0.051229614 0.024632662 0.127610771 0.051486298 0.025378517 0.127267601
              0.051500008 0.025293201 0.127280128 0.05152124 0.025212727 0.127296654 0.051545387 0.025137573 0.127319855 0.051537422 0.025037422 0.12738961
              0.05148917 0.024923697 0.127471687 0.051384251 0.024791315 0.127551582 0.051217289 0.02464448 0.127608734 0.05192178 0.025006153 0.123128235
              0.05184549 0.025024473 0.123128235 0.051773003 0.025054499 0.123128235 0.051706104 0.025095493 0.123128235 0.051646446 0.025146446 0.123128235
              0.05159549 0.025206112 0.123128235 0.051554497 0.025273003 0.123128235 0.051524471 0.02534549 0.123128235 0.051506153 0.025421783 0.123128235
              0.051229614 0.024632662 0.122645699 0.051433044 0.024748779 0.122692719 0.051595844 0.024839542 0.122757195 0.051716763 0.024904728 0.122827538
              0.051906384 0.024999231 0.12304528 0.051919865 0.025005302 0.123099022 0.051914783 0.025003031 0.123072372 0.051505302 0.025419868 0.123099022
              0.051503029 0.025414787 0.123072372 0.05184396 0.025023825 0.123102943 0.051839897 0.025022074 0.123079697 0.051833115 0.025019079 0.123055725
              0.05177182 0.02505394 0.12310582 0.051768658 0.025052429 0.123085052 0.051763332 0.025049784 0.12306337 0.05175555 0.025045767 0.123040352
              0.051705212 0.025094919 0.123107567 0.051702793 0.025093361 0.123088318 0.051698669 0.025090628 0.123068024 0.051692535 0.025086447 0.123046219
              0.051683968 0.025080404 0.123022476 0.051645756 0.025145761 0.123108154 0.051643887 0.025143892 0.123089409 0.051640648 0.02514065 0.123069595
              0.051635738 0.02513574 0.123048195 0.051628738 0.025128736 0.12302478 0.051619106 0.02511911 0.122998993 0.051594917 0.02520521 0.123107567
              0.051593357 0.025202795 0.123088318 0.051590626 0.025198668 0.123068024 0.051586441 0.025192537 0.123046219 0.051580402 0.025183968 0.123022476
              0.051571991 0.025172421 0.122996437 0.051560566 0.025157221 0.122967857 0.05155394 0.025271826 0.12310582 0.051552422 0.02526866 0.123085052
              0.051549786 0.025263332 0.12306337 0.051545765 0.025255554 0.123040352 0.051540001 0.0252449 0.123015602 0.051532021 0.025230846 0.122988838
              0.05152124 0.025212727 0.122959808 0.051506981 0.025189772 0.122928429 0.051499229 0.025406384 0.12304528 0.051493732 0.025394409 0.123017509
              0.051486298 0.025378517 0.122988861 0.051476608 0.025358215 0.122959183 0.05146426 0.025332928 0.12292836 0.051448788 0.025301949 0.122896385
              0.051523823 0.025343962 0.123102943 0.051522068 0.025339893 0.123079697 0.051519077 0.025333122 0.123055725 0.051514626 0.025323353 0.123030701
              0.051508408 0.025310219 0.123004318 0.051500008 0.025293201 0.122976326 0.051488937 0.025271669 0.122946564 0.051474594 0.025244877 0.12291494
              0.051431816 0.02516947 0.122844566 0.051404728 0.025216766 0.122827538 0.051339542 0.02509585 0.122757195 0.051248779 0.024933048 0.122692719
              0.051365379 0.025059559 0.122769997 0.051463238 0.025123425 0.122856895 0.051545387 0.025137573 0.122936607 0.051606178 0.025106184 0.122970551
              0.051672421 0.025071993 0.122996437 0.0517449 0.025040001 0.123015602 0.051823353 0.025014631 0.123030701 0.051217289 0.02464448 0.122647736
              0.051408539 0.024769642 0.122699799 0.051204998 0.024656408 0.122649185 0.051559559 0.024865381 0.122769997 0.051384251 0.024791315 0.122704872
              0.051192749 0.02466844 0.122650055 0.051801945 0.024948792 0.122896385 0.051669472 0.024931818 0.122844566 0.051523899 0.024893515 0.122779221
              0.051360283 0.024813711 0.122707924 0.051180557 0.024680555 0.122650345 0.051832924 0.024964266 0.12292836 0.051744873 0.0249746 0.12291494
              0.051623421 0.024963245 0.122856895 0.05148917 0.024923697 0.122784782 0.051336735 0.024836735 0.122708946 0.051168438 0.024692751 0.122650055
              0.051858212 0.024976612 0.122959183 0.051771664 0.024988941 0.122946564 0.05168977 0.025006979 0.122928429 0.051579212 0.024998598 0.122864349
              0.051455673 0.024955675 0.122786644 0.051313709 0.024860285 0.122707924 0.051156406 0.024705 0.122649185 0.051894413 0.024993732 0.123017509
              0.051810215 0.02500841 0.123004318 0.051730846 0.025032021 0.122988838 0.051657219 0.025060572 0.122967857 0.051589169 0.025089174 0.122939346
              0.051498596 0.025079212 0.122864349 0.051393509 0.025023899 0.122779221 0.051269638 0.024908543 0.122699799 0.05113266 0.024729616 0.122645699
              0.051878513 0.024986305 0.122988861 0.051793198 0.025000013 0.122976326 0.05171273 0.02502124 0.122959808 0.051637569 0.025045395 0.122936607
              0.051537422 0.025037422 0.122866844 0.051423695 0.024989172 0.122784782 0.051291313 0.024884254 0.122704872 0.051144474 0.024717293 0.122647736
              0.061493843 0.02457822 0.127128227 0.061487762 0.024577253 0.127206444 0.061469673 0.024574392 0.127282738 0.061440018 0.024569691 0.127355232
              0.061399529 0.024563282 0.127422127 0.061349197 0.024555311 0.127481789 0.061290272 0.024545975 0.127532738 0.061224197 0.024535507 0.12757373
              0.061152607 0.024524168 0.127603752 0.061077251 0.024512239 0.127622086 0.061475525 0.024654507 0.127128227 0.061445499 0.024726994 0.127128227
              0.061469673 0.024652607 0.127206444 0.061440018 0.024724201 0.127206444 0.061452251 0.024646946 0.127282738 0.061423698 0.024715885 0.127282738
              0.061423698 0.024637669 0.127355232 0.061396946 0.024702251 0.127355232 0.061384708 0.024625004 0.127422127 0.06136042 0.024683647 0.127422127
              0.061336246 0.024609253 0.127481789 0.061315018 0.024660513 0.127481789 0.061279507 0.02459082 0.127532738 0.06126186 0.024633423 0.127532738
              0.061215881 0.024570145 0.12757373 0.061202251 0.024603054 0.12757373 0.061146946 0.024547749 0.127603752 0.061137669 0.024570145 0.127603752
              0.061074387 0.024524168 0.127622086 0.061069691 0.024535507 0.127622086 0.061404507 0.024793894 0.127128227 0.061399529 0.024790272 0.127206444
              0.061384708 0.024779507 0.127282738 0.06136042 0.024761864 0.127355232 0.061327251 0.024737768 0.127422127 0.06128603 0.024707817 0.127481789
              0.061237762 0.024672747 0.127532738 0.06118364 0.024633423 0.12757373 0.061125 0.02459082 0.127603752 0.061063278 0.024545975 0.127622086
              0.06135355 0.024853558 0.127128227 0.061293892 0.024904512 0.127128227 0.061349197 0.024849199 0.127206444 0.061290272 0.024899527 0.127206444
              0.061336246 0.02483625 0.127282738 0.061279507 0.024884708 0.127282738 0.061315018 0.024815016 0.127355232 0.06126186 0.02486042 0.127355232
              0.06128603 0.024786034 0.127422127 0.061237762 0.024827257 0.127422127 0.061249996 0.024750002 0.127481789 0.061207813 0.024786034 0.127481789
              0.061207813 0.024707817 0.127532738 0.061172745 0.024737768 0.127532738 0.061160507 0.024660513 0.12757373 0.061133423 0.024683647 0.12757373
              0.061109253 0.024609253 0.127603752 0.061090816 0.024625004 0.127603752 0.061055305 0.024555311 0.127622086 0.061045971 0.024563282 0.127622086
              0.061226994 0.024945505 0.127128227 0.061224197 0.024940022 0.127206444 0.061215881 0.024923697 0.127282738 0.061202251 0.02489695 0.127355232
              0.06118364 0.02486042 0.127422127 0.061160507 0.024815016 0.127481789 0.061133423 0.024761864 0.127532738 0.06110305 0.024702251 0.12757373
              0.061070145 0.024637669 0.127603752 0.061035507 0.024569691 0.127622086 0.061154507 0.024975531 0.127128227 0.061078217 0.024993845 0.127128227
              0.061152607 0.024969675 0.127206444 0.061077251 0.024987764 0.127206444 0.061146946 0.024952255 0.127282738 0.061074387 0.024969675 0.127282738
              0.061137669 0.024923697 0.127355232 0.061069691 0.024940022 0.127355232 0.061125 0.024884708 0.127422127 0.061063278 0.024899527 0.127422127
              0.061109253 0.02483625 0.127481789 0.061055305 0.024849199 0.127481789 0.061090816 0.024779507 0.127532738 0.061045971 0.024790272 0.127532738
              0.061070145 0.024715885 0.12757373 0.061035507 0.024724201 0.12757373 0.061047745 0.024646946 0.127603752 0.06102417 0.024652607 0.127603752
              0.06102417 0.024574392 0.127622086 0.061012234 0.024577253 0.127622086 0.061078217 0.024993845 0.123128235 0.061154507 0.024975531 0.123128235
              0.061226994 0.024945505 0.123128235 0.061293892 0.024904512 0.123128235 0.06135355 0.024853558 0.123128235 0.061404507 0.024793894 0.123128235
              0.061445499 0.024726994 0.123128235 0.061475525 0.024654507 0.123128235 0.061493843 0.02457822 0.123128235 0.061487762 0.024577253 0.123050011
              0.061090816 0.024625004 0.122652702 0.061045971 0.024563282 0.122634392 0.061035507 0.024569691 0.122634392 0.061012234 0.024577253 0.122634392
              0.061055305 0.024555311 0.122634392 0.061109253 0.024609253 0.122652702 0.061160507 0.024660513 0.122682732 0.061063278 0.024545975 0.122634392
              0.061070145 0.024637669 0.122652702 0.06102417 0.024574392 0.122634392 0.061047745 0.024646946 0.122652702 0.06102417 0.024652607 0.122652702
              0.061125 0.02459082 0.122652702 0.06118364 0.024633423 0.122682732 0.061237762 0.024672747 0.122723724 0.061069691 0.024535507 0.122634392
              0.061133423 0.024683647 0.122682732 0.06110305 0.024702251 0.122682732 0.061070145 0.024715885 0.122682732 0.061035507 0.024724201 0.122682732
              0.061137669 0.024570145 0.122652702 0.061202251 0.024603054 0.122682732 0.06126186 0.024633423 0.122723724 0.061315018 0.024660513 0.122774673
              0.061074387 0.024524168 0.122634392 0.061207813 0.024707817 0.122723724 0.061172745 0.024737768 0.122723724 0.061133423 0.024761864 0.122723724
              0.061090816 0.024779507 0.122723724 0.061045971 0.024790272 0.122723724 0.061146946 0.024547749 0.122652702 0.061215881 0.024570145 0.122682732
              0.061279507 0.02459082 0.122723724 0.061336246 0.024609253 0.122774673 0.061384708 0.024625004 0.122834343 0.061077251 0.024512239 0.122634392
              0.06128603 0.024707817 0.122774673 0.061249996 0.024750002 0.122774673 0.061207813 0.024786034 0.122774673 0.061160507 0.024815016 0.122774673
              0.061109253 0.02483625 0.122774673 0.061055305 0.024849199 0.122774673 0.061152607 0.024524168 0.122652702 0.061224197 0.024535507 0.122682732
              0.061290272 0.024545975 0.122723724 0.061349197 0.024555311 0.122774673 0.061399529 0.024563282 0.122834343 0.061440018 0.024569691 0.122901237
              0.06136042 0.024683647 0.122834343 0.061327251 0.024737768 0.122834343 0.06128603 0.024786034 0.122834343 0.061237762 0.024827257 0.122834343
              0.06118364 0.02486042 0.122834343 0.061125 0.024884708 0.122834343 0.061063278 0.024899527 0.122834343 0.061423698 0.024637669 0.122901237
              0.061396946 0.024702251 0.122901237 0.06136042 0.024761864 0.122901237 0.061315018 0.024815016 0.122901237 0.06126186 0.02486042 0.122901237
              0.061202251 0.02489695 0.122901237 0.061137669 0.024923697 0.122901237 0.061069691 0.024940022 0.122901237 0.061469673 0.024574392 0.122973724
              0.061452251 0.024646946 0.122973724 0.061423698 0.024715885 0.122973724 0.061384708 0.024779507 0.122973724 0.061336246 0.02483625 0.122973724
              0.061279507 0.024884708 0.122973724 0.061215881 0.024923697 0.122973724 0.061146946 0.024952255 0.122973724 0.061074387 0.024969675 0.122973724
              0.061469673 0.024652607 0.123050011 0.061440018 0.024724201 0.123050011 0.061399529 0.024790272 0.123050011 0.061349197 0.024849199 0.123050011
              0.061290272 0.024899527 0.123050011 0.061224197 0.024940022 0.123050011 0.061152607 0.024969675 0.123050011 0.061077251 0.024987764 0.123050011
              0.061078217 6.154e-06 0.127128227 0.061077251 1.2234e-05 0.127206444 0.061074387 3.0324e-05 0.127282738 0.061069691 5.9985e-05 0.127355232
              0.061063278 0.000100471 0.127422127 0.061055305 0.0001508 0.127481789 0.061045971 0.000209726 0.127532738 0.061035507 0.000275798 0.12757373
              0.06102417 0.000347391 0.127603752 0.061012234 0.000422746 0.127622086 0.061154507 2.4475e-05 0.127128227 0.061226994 5.4494e-05 0.127128227
              0.061152607 3.0324e-05 0.127206444 0.061224197 5.9985e-05 0.127206444 0.061146946 4.7743e-05 0.127282738 0.061215881 7.6301e-05 0.127282738
              0.061137669 7.6301e-05 0.127355232 0.061202251 0.000103056 0.127355232 0.061125 0.00011529 0.127422127 0.06118364 0.000139579 0.127422127
              0.061109253 0.000163749 0.127481789 0.061160507 0.000184983 0.127481789 0.061090816 0.000220492 0.127532738 0.061133423 0.000238143 0.127532738
              0.061070145 0.000284113 0.12757373 0.06110305 0.000297748 0.12757373 0.061047745 0.000353053 0.127603752 0.061070145 0.000362329 0.127603752
              0.06102417 0.000425614 0.127622086 0.061035507 0.000430308 0.127622086 0.061293892 9.5494e-05 0.127128227 0.061290272 0.000100471 0.127206444
              0.061279507 0.00011529 0.127282738 0.06126186 0.000139579 0.127355232 0.061237762 0.000172749 0.127422127 0.061207813 0.000213973 0.127481789
              0.061172745 0.000262238 0.127532738 0.061133423 0.000316359 0.12757373 0.061090816 0.000375003 0.127603752 0.061045971 0.000436723 0.127622086
              0.06135355 0.000146449 0.127128227 0.061404507 0.000206105 0.127128227 0.061349197 0.0001508 0.127206444 0.061399529 0.000209726 0.127206444
              0.061336246 0.000163749 0.127282738 0.061384708 0.000220492 0.127282738 0.061315018 0.000184983 0.127355232 0.06136042 0.000238143 0.127355232
              0.06128603 0.000213973 0.127422127 0.061327251 0.000262238 0.127422127 0.061249996 0.000249997 0.127481789 0.06128603 0.000292189 0.127481789
              0.061207813 0.000292189 0.127532738 0.061237762 0.000327252 0.127532738 0.061160507 0.000339493 0.12757373 0.06118364 0.000366576 0.12757373
              0.061109253 0.000390746 0.127603752 0.061125 0.000409186 0.127603752 0.061055305 0.000444695 0.127622086 0.061063278 0.000454023 0.127622086
              0.061445499 0.000273004 0.127128227 0.061440018 0.000275798 0.127206444 0.061423698 0.000284113 0.127282738 0.061396946 0.000297748 0.127355232
              0.06136042 0.000316359 0.127422127 0.061315018 0.000339493 0.127481789 0.06126186 0.000366576 0.127532738 0.061202251 0.000396945 0.12757373
              0.061137669 0.000429854 0.127603752 0.061069691 0.000464492 0.127622086 0.061475525 0.000345491 0.127128227 0.061493843 0.000421785 0.127128227
              0.061469673 0.000347391 0.127206444 0.061487762 0.000422746 0.127206444 0.061452251 0.000353053 0.127282738 0.061469673 0.000425614 0.127282738
              0.061423698 0.000362329 0.127355232 0.061440018 0.000430308 0.127355232 0.061384708 0.000375003 0.127422127 0.061399529 0.000436723 0.127422127
              0.061336246 0.000390746 0.127481789 0.061349197 0.000444695 0.127481789 0.061279507 0.000409186 0.127532738 0.061290272 0.000454023 0.127532738
              0.061215881 0.000429854 0.12757373 0.061224197 0.000464492 0.12757373 0.061146946 0.000452258 0.127603752 0.061152607 0.000475831 0.127603752
              0.061074387 0.000475831 0.127622086 0.061077251 0.000487767 0.127622086 0.061493843 0.000421785 0.123128235 0.061475525 0.000345491 0.123128235
              0.061445499 0.000273004 0.123128235 0.061404507 0.000206105 0.123128235 0.06135355 0.000146449 0.123128235 0.061293892 9.5494e-05 0.123128235
              0.061226994 5.4494e-05 0.123128235 0.061154507 2.4475e-05 0.123128235 0.061078217 6.154e-06 0.123128235 0.061077251 1.2234e-05 0.123050011
              0.061125 0.000409186 0.122652702 0.061063278 0.000454023 0.122634392 0.061069691 0.000464492 0.122634392 0.061077251 0.000487767 0.122634392
              0.061055305 0.000444695 0.122634392 0.061109253 0.000390746 0.122652702 0.061160507 0.000339493 0.122682732 0.061045971 0.000436723 0.122634392
              0.061137669 0.000429854 0.122652702 0.061074387 0.000475831 0.122634392 0.061146946 0.000452258 0.122652702 0.061152607 0.000475831 0.122652702
              0.061090816 0.000375003 0.122652702 0.061133423 0.000316359 0.122682732 0.061172745 0.000262238 0.122723724 0.061035507 0.000430308 0.122634392
              0.06118364 0.000366576 0.122682732 0.061202251 0.000396945 0.122682732 0.061215881 0.000429854 0.122682732 0.061224197 0.000464492 0.122682732
              0.061070145 0.000362329 0.122652702 0.06110305 0.000297748 0.122682732 0.061133423 0.000238143 0.122723724 0.061160507 0.000184983 0.122774673
              0.06102417 0.000425614 0.122634392 0.061207813 0.000292189 0.122723724 0.061237762 0.000327252 0.122723724 0.06126186 0.000366576 0.122723724
              0.061279507 0.000409186 0.122723724 0.061290272 0.000454023 0.122723724 0.061047745 0.000353053 0.122652702 0.061070145 0.000284113 0.122682732
              0.061090816 0.000220492 0.122723724 0.061109253 0.000163749 0.122774673 0.061125 0.00011529 0.122834343 0.061012234 0.000422746 0.122634392
              0.061207813 0.000213973 0.122774673 0.061249996 0.000249997 0.122774673 0.06128603 0.000292189 0.122774673 0.061315018 0.000339493 0.122774673
              0.061336246 0.000390746 0.122774673 0.061349197 0.000444695 0.122774673 0.06102417 0.000347391 0.122652702 0.061035507 0.000275798 0.122682732
              0.061045971 0.000209726 0.122723724 0.061055305 0.0001508 0.122774673 0.061063278 0.000100471 0.122834343 0.061069691 5.9985e-05 0.122901237
              0.06118364 0.000139579 0.122834343 0.061237762 0.000172749 0.122834343 0.06128603 0.000213973 0.122834343 0.061327251 0.000262238 0.122834343
              0.06136042 0.000316359 0.122834343 0.061384708 0.000375003 0.122834343 0.061399529 0.000436723 0.122834343 0.061137669 7.6301e-05 0.122901237
              0.061202251 0.000103056 0.122901237 0.06126186 0.000139579 0.122901237 0.061315018 0.000184983 0.122901237 0.06136042 0.000238143 0.122901237
              0.061396946 0.000297748 0.122901237 0.061423698 0.000362329 0.122901237 0.061440018 0.000430308 0.122901237 0.061074387 3.0324e-05 0.122973724
              0.061146946 4.7743e-05 0.122973724 0.061215881 7.6301e-05 0.122973724 0.061279507 0.00011529 0.122973724 0.061336246 0.000163749 0.122973724
              0.061384708 0.000220492 0.122973724 0.061423698 0.000284113 0.122973724 0.061452251 0.000353053 0.122973724 0.061469673 0.000425614 0.122973724
              0.061152607 3.0324e-05 0.123050011 0.061224197 5.9985e-05 0.123050011 0.061290272 0.000100471 0.123050011 0.061349197 0.0001508 0.123050011
              0.061399529 0.000209726 0.123050011 0.061440018 0.000275798 0.123050011 0.061469673 0.000347391 0.123050011 0.061487762 0.000422746 0.123050011
              0.001506153 0.000421785 0.127128227 0.001512233 0.000422746 0.127206444 0.001530325 0.000425614 0.127282738 0.00155998 0.000430308 0.127355232
              0.00160047 0.000436723 0.127422127 0.001650797 0.000444695 0.127481789 0.001709724 0.000454023 0.127532738 0.001775797 0.000464492 0.12757373
              0.001847392 0.000475831 0.127603752 0.001922743 0.000487767 0.127622086 0.001524471 0.000345491 0.127128227 0.001554495 0.000273004 0.127128227
              0.001530325 0.000347391 0.127206444 0.00155998 0.000275798 0.127206444 0.001547745 0.000353053 0.127282738 0.001576299 0.000284113 0.127282738
              0.001576299 0.000362329 0.127355232 0.001603052 0.000297748 0.127355232 0.001615288 0.000375003 0.127422127 0.001639578 0.000316359 0.127422127
              0.001663748 0.000390746 0.127481789 0.001684981 0.000339493 0.127481789 0.00172049 0.000409186 0.127532738 0.001738138 0.000366576 0.127532738
              0.001784112 0.000429854 0.12757373 0.001797743 0.000396945 0.12757373 0.001853052 0.000452258 0.127603752 0.00186233 0.000429854 0.127603752
              0.00192561 0.000475831 0.127622086 0.001930306 0.000464492 0.127622086 0.00159549 0.000206105 0.127128227 0.00160047 0.000209726 0.127206444
              0.001615288 0.000220492 0.127282738 0.001639578 0.000238143 0.127355232 0.001672745 0.000262238 0.127422127 0.001713967 0.000292189 0.127481789
              0.001762234 0.000327252 0.127532738 0.001816355 0.000366576 0.12757373 0.001874998 0.000409186 0.127603752 0.001936719 0.000454023 0.127622086
              0.001646444 0.000146449 0.127128227 0.001706105 9.5494e-05 0.127128227 0.001650797 0.0001508 0.127206444 0.001709724 0.000100471 0.127206444
              0.001663748 0.000163749 0.127282738 0.00172049 0.00011529 0.127282738 0.001684981 0.000184983 0.127355232 0.001738138 0.000139579 0.127355232
              0.001713967 0.000213973 0.127422127 0.001762234 0.000172749 0.127422127 0.001749998 0.000249997 0.127481789 0.001792185 0.000213973 0.127481789
              0.001792185 0.000292189 0.127532738 0.001827253 0.000262238 0.127532738 0.001839489 0.000339493 0.12757373 0.001866573 0.000316359 0.12757373
              0.001890745 0.000390746 0.127603752 0.00190918 0.000375003 0.127603752 0.001944691 0.000444695 0.127622086 0.001954023 0.000436723 0.127622086
              0.001773003 5.4494e-05 0.127128227 0.001775797 5.9985e-05 0.127206444 0.001784112 7.6301e-05 0.127282738 0.001797743 0.000103056 0.127355232
              0.001816355 0.000139579 0.127422127 0.001839489 0.000184983 0.127481789 0.001866573 0.000238143 0.127532738 0.001896944 0.000297748 0.12757373
              0.001929853 0.000362329 0.127603752 0.001964489 0.000430308 0.127622086 0.00184549 2.4475e-05 0.127128227 0.00192178 6.154e-06 0.127128227
              0.001847392 3.0324e-05 0.127206444 0.001922743 1.2234e-05 0.127206444 0.001853052 4.7743e-05 0.127282738 0.00192561 3.0324e-05 0.127282738
              0.00186233 7.6301e-05 0.127355232 0.001930306 5.9985e-05 0.127355232 0.001874998 0.00011529 0.127422127 0.001936719 0.000100471 0.127422127
              0.001890745 0.000163749 0.127481789 0.001944691 0.0001508 0.127481789 0.00190918 0.000220492 0.127532738 0.001954023 0.000209726 0.127532738
              0.001929853 0.000284113 0.12757373 0.001964489 0.000275798 0.12757373 0.001952253 0.000353053 0.127603752 0.001975827 0.000347391 0.127603752
              0.001975827 0.000425614 0.127622086 0.001987763 0.000422746 0.127622086 0.00192178 6.154e-06 0.123128235 0.00184549 2.4475e-05 0.123128235
              0.001773003 5.4494e-05 0.123128235 0.001706105 9.5494e-05 0.123128235 0.001646444 0.000146449 0.123128235 0.00159549 0.000206105 0.123128235
              0.001554495 0.000273004 0.123128235 0.001524471 0.000345491 0.123128235 0.001506153 0.000421785 0.123128235 0.001512233 0.000422746 0.123050011
              0.00190918 0.000375003 0.122652702 0.001954023 0.000436723 0.122634392 0.001964489 0.000430308 0.122634392 0.001987763 0.000422746 0.122634392
              0.001944691 0.000444695 0.122634392 0.001890745 0.000390746 0.122652702 0.001839489 0.000339493 0.122682732 0.001936719 0.000454023 0.122634392
              0.001929853 0.000362329 0.122652702 0.001975827 0.000425614 0.122634392 0.001952253 0.000353053 0.122652702 0.001975827 0.000347391 0.122652702
              0.001874998 0.000409186 0.122652702 0.001816355 0.000366576 0.122682732 0.001762234 0.000327252 0.122723724 0.001930306 0.000464492 0.122634392
              0.001866573 0.000316359 0.122682732 0.001896944 0.000297748 0.122682732 0.001929853 0.000284113 0.122682732 0.001964489 0.000275798 0.122682732
              0.00186233 0.000429854 0.122652702 0.001797743 0.000396945 0.122682732 0.001738138 0.000366576 0.122723724 0.001684981 0.000339493 0.122774673
              0.00192561 0.000475831 0.122634392 0.001792185 0.000292189 0.122723724 0.001827253 0.000262238 0.122723724 0.001866573 0.000238143 0.122723724
              0.00190918 0.000220492 0.122723724 0.001954023 0.000209726 0.122723724 0.001853052 0.000452258 0.122652702 0.001784112 0.000429854 0.122682732
              0.00172049 0.000409186 0.122723724 0.001663748 0.000390746 0.122774673 0.001615288 0.000375003 0.122834343 0.001922743 0.000487767 0.122634392
              0.001713967 0.000292189 0.122774673 0.001749998 0.000249997 0.122774673 0.001792185 0.000213973 0.122774673 0.001839489 0.000184983 0.122774673
              0.001890745 0.000163749 0.122774673 0.001944691 0.0001508 0.122774673 0.001847392 0.000475831 0.122652702 0.001775797 0.000464492 0.122682732
              0.001709724 0.000454023 0.122723724 0.001650797 0.000444695 0.122774673 0.00160047 0.000436723 0.122834343 0.00155998 0.000430308 0.122901237
              0.001639578 0.000316359 0.122834343 0.001672745 0.000262238 0.122834343 0.001713967 0.000213973 0.122834343 0.001762234 0.000172749 0.122834343
              0.001816355 0.000139579 0.122834343 0.001874998 0.00011529 0.122834343 0.001936719 0.000100471 0.122834343 0.001576299 0.000362329 0.122901237
              0.001603052 0.000297748 0.122901237 0.001639578 0.000238143 0.122901237 0.001684981 0.000184983 0.122901237 0.001738138 0.000139579 0.122901237
              0.001797743 0.000103056 0.122901237 0.00186233 7.6301e-05 0.122901237 0.001930306 5.9985e-05 0.122901237 0.001530325 0.000425614 0.122973724
              0.001547745 0.000353053 0.122973724 0.001576299 0.000284113 0.122973724 0.001615288 0.000220492 0.122973724 0.001663748 0.000163749 0.122973724
              0.00172049 0.00011529 0.122973724 0.001784112 7.6301e-05 0.122973724 0.001853052 4.7743e-05 0.122973724 0.00192561 3.0324e-05 0.122973724
              0.001530325 0.000347391 0.123050011 0.00155998 0.000275798 0.123050011 0.00160047 0.000209726 0.123050011 0.001650797 0.0001508 0.123050011
              0.001709724 0.000100471 0.123050011 0.001775797 5.9985e-05 0.123050011 0.001847392 3.0324e-05 0.123050011 0.001922743 1.2234e-05 0.123050011
              0.011770385 0.024632662 0.127610771 0.011566954 0.024748779 0.127563744 0.011404151 0.024839542 0.127499268 0.011283234 0.024904728 0.127428917
              0.011093615 0.024999231 0.127211182 0.011078217 0.025006153 0.127128227 0.011154507 0.025024473 0.127128227 0.011080131 0.025005302 0.127157433
              0.011085213 0.025003031 0.12718409 0.011494695 0.025419868 0.127157433 0.011496966 0.025414787 0.12718409 0.011226993 0.025054499 0.127128227
              0.011156034 0.025023825 0.127153519 0.011160102 0.025022074 0.127176773 0.01116688 0.025019079 0.127200737 0.01129389 0.025095493 0.127128227
              0.011228174 0.02505394 0.127150658 0.011231337 0.025052429 0.12717141 0.011236664 0.025049784 0.127193092 0.011244448 0.025045767 0.127216118
              0.011353552 0.025146446 0.127128227 0.011294785 0.025094919 0.127148895 0.011297202 0.025093361 0.127168152 0.011301328 0.025090628 0.127188446
              0.011307461 0.025086447 0.127210243 0.01131603 0.025080404 0.127233994 0.011404507 0.025206112 0.127128227 0.011354238 0.025145761 0.127148315
              0.01135611 0.025143892 0.127167046 0.011359349 0.02514065 0.127186882 0.011364259 0.02513574 0.127208275 0.011371259 0.025128736 0.127231689
              0.011380889 0.02511911 0.127257484 0.011445502 0.025273003 0.127128227 0.011405077 0.02520521 0.127148895 0.01140664 0.025202795 0.127168152
              0.011409369 0.025198668 0.127188446 0.011413554 0.025192537 0.127210243 0.011419594 0.025183968 0.127233994 0.011428008 0.025172421 0.127260033
              0.011439427 0.025157221 0.127288612 0.011475526 0.02534549 0.127128227 0.011446057 0.025271826 0.127150658 0.011447573 0.02526866 0.12717141
              0.011450212 0.025263332 0.127193092 0.011454232 0.025255554 0.127216118 0.011459997 0.0252449 0.127240868 0.011467977 0.025230846 0.127267632
              0.011478756 0.025212727 0.127296654 0.011493016 0.025189772 0.127328041 0.011500767 0.025406384 0.127211182 0.011506263 0.025394409 0.12723896
              0.011513697 0.025378517 0.127267601 0.01152339 0.025358215 0.127297279 0.011535736 0.025332928 0.127328094 0.011551207 0.025301949 0.127360077
              0.011493843 0.025421783 0.127128227 0.011476176 0.025343962 0.127153519 0.011477927 0.025339893 0.127176773 0.011480918 0.025333122 0.127200737
              0.01148537 0.025323353 0.127225754 0.011491591 0.025310219 0.127252144 0.011499988 0.025293201 0.127280128 0.01151106 0.025271669 0.127309906
              0.011525402 0.025244877 0.127341522 0.011568181 0.02516947 0.127411903 0.011595268 0.025216766 0.127428917 0.011660455 0.02509585 0.127499268
              0.01175122 0.024933048 0.127563744 0.011634618 0.025059559 0.127486465 0.011536757 0.025123425 0.127399582 0.011454606 0.025137573 0.127319855
              0.011393817 0.025106184 0.127285912 0.011327578 0.025071993 0.127260033 0.011255098 0.025040001 0.127240868 0.011176644 0.025014631 0.127225754
              0.011782705 0.02464448 0.127608734 0.011591455 0.024769642 0.127556664 0.011794999 0.024656408 0.127607285 0.011440439 0.024865381 0.127486465
              0.011615746 0.024791315 0.127551582 0.01180725 0.02466844 0.127606407 0.011198053 0.024948792 0.127360077 0.011330526 0.024931818 0.127411903
              0.011476099 0.024893515 0.127477242 0.011639716 0.024813711 0.127548531 0.011819441 0.024680555 0.127606125 0.011167071 0.024964266 0.127328094
              0.011255123 0.0249746 0.127341522 0.011376576 0.024963245 0.127399582 0.011510827 0.024923697 0.127471687 0.011663263 0.024836735 0.127547516
              0.011831559 0.024692751 0.127606407 0.011141783 0.024976612 0.127297279 0.011228331 0.024988941 0.127309906 0.011310225 0.025006979 0.127328041
              0.011420785 0.024998598 0.127392113 0.011544325 0.024955675 0.127469826 0.011686286 0.024860285 0.127548531 0.01184359 0.024705 0.127607285
              0.011105586 0.024993732 0.12723896 0.011189779 0.02500841 0.127252144 0.011269152 0.025032021 0.127267632 0.011342777 0.025060572 0.127288612
              0.011410827 0.025089174 0.127317116 0.0115014 0.025079212 0.127392113 0.011606486 0.025023899 0.127477242 0.01173036 0.024908543 0.127556664
              0.011867337 0.024729616 0.127610771 0.011121484 0.024986305 0.127267601 0.0112068 0.025000013 0.127280128 0.011287269 0.02502124 0.127296654
              0.011362424 0.025045395 0.127319855 0.011462575 0.025037422 0.12738961 0.011576303 0.024989172 0.127471687 0.011708684 0.024884254 0.127551582
              0.01185552 0.024717293 0.127608734 0.011493843 0.025421783 0.123128235 0.011475526 0.02534549 0.123128235 0.011445502 0.025273003 0.123128235
              0.011404507 0.025206112 0.123128235 0.011353552 0.025146446 0.123128235 0.01129389 0.025095493 0.123128235 0.011226993 0.025054499 0.123128235
              0.011154507 0.025024473 0.123128235 0.011078217 0.025006153 0.123128235 0.011867337 0.024729616 0.122645699 0.01175122 0.024933048 0.122692719
              0.011660455 0.02509585 0.122757195 0.011595268 0.025216766 0.122827538 0.011500767 0.025406384 0.12304528 0.011494695 0.025419868 0.123099022
              0.011496966 0.025414787 0.123072372 0.011080131 0.025005302 0.123099022 0.011085213 0.025003031 0.123072372 0.011476176 0.025343962 0.123102943
              0.011477927 0.025339893 0.123079697 0.011480918 0.025333122 0.123055725 0.011446057 0.025271826 0.12310582 0.011447573 0.02526866 0.123085052
              0.011450212 0.025263332 0.12306337 0.011454232 0.025255554 0.123040352 0.011405077 0.02520521 0.123107567 0.01140664 0.025202795 0.123088318
              0.011409369 0.025198668 0.123068024 0.011413554 0.025192537 0.123046219 0.011419594 0.025183968 0.123022476 0.011354238 0.025145761 0.123108154
              0.01135611 0.025143892 0.123089409 0.011359349 0.02514065 0.123069595 0.011364259 0.02513574 0.123048195 0.011371259 0.025128736 0.12302478
              0.011380889 0.02511911 0.122998993 0.011294785 0.025094919 0.123107567 0.011297202 0.025093361 0.123088318 0.011301328 0.025090628 0.123068024
              0.011307461 0.025086447 0.123046219 0.01131603 0.025080404 0.123022476 0.011327578 0.025071993 0.122996437 0.011342777 0.025060572 0.122967857
              0.011228174 0.02505394 0.12310582 0.011231337 0.025052429 0.123085052 0.011236664 0.025049784 0.12306337 0.011244448 0.025045767 0.123040352
              0.011255098 0.025040001 0.123015602 0.011269152 0.025032021 0.122988838 0.011287269 0.02502124 0.122959808 0.011310225 0.025006979 0.122928429
              0.011093615 0.024999231 0.12304528 0.011105586 0.024993732 0.123017509 0.011121484 0.024986305 0.122988861 0.011141783 0.024976612 0.122959183
              0.011167071 0.024964266 0.12292836 0.011198053 0.024948792 0.122896385 0.011156034 0.025023825 0.123102943 0.011160102 0.025022074 0.123079697
              0.01116688 0.025019079 0.123055725 0.011176644 0.025014631 0.123030701 0.011189779 0.02500841 0.123004318 0.0112068 0.025000013 0.122976326
              0.011228331 0.024988941 0.122946564 0.011255123 0.0249746 0.12291494 0.011330526 0.024931818 0.122844566 0.011283234 0.024904728 0.122827538
              0.011404151 0.024839542 0.122757195 0.011566954 0.024748779 0.122692719 0.011440439 0.024865381 0.122769997 0.011376576 0.024963245 0.122856895
              0.011362424 0.025045395 0.122936607 0.011393817 0.025106184 0.122970551 0.011428008 0.025172421 0.122996437 0.011459997 0.0252449 0.123015602
              0.01148537 0.025323353 0.123030701 0.01185552 0.024717293 0.122647736 0.01173036 0.024908543 0.122699799 0.01184359 0.024705 0.122649185
              0.011634618 0.025059559 0.122769997 0.011708684 0.024884254 0.122704872 0.011831559 0.024692751 0.122650055 0.011551207 0.025301949 0.122896385
              0.011568181 0.02516947 0.122844566 0.011606486 0.025023899 0.122779221 0.011686286 0.024860285 0.122707924 0.011819441 0.024680555 0.122650345
              0.011535736 0.025332928 0.12292836 0.011525402 0.025244877 0.12291494 0.011536757 0.025123425 0.122856895 0.011576303 0.024989172 0.122784782
              0.011663263 0.024836735 0.122708946 0.01180725 0.02466844 0.122650055 0.01152339 0.025358215 0.122959183 0.01151106 0.025271669 0.122946564
              0.011493016 0.025189772 0.122928429 0.0115014 0.025079212 0.122864349 0.011544325 0.024955675 0.122786644 0.011639716 0.024813711 0.122707924
              0.011794999 0.024656408 0.122649185 0.011506263 0.025394409 0.123017509 0.011491591 0.025310219 0.123004318 0.011467977 0.025230846 0.122988838
              0.011439427 0.025157221 0.122967857 0.011410827 0.025089174 0.122939346 0.011420785 0.024998598 0.122864349 0.011476099 0.024893515 0.122779221
              0.011591455 0.024769642 0.122699799 0.011770385 0.024632662 0.122645699 0.011513697 0.025378517 0.122988861 0.011499988 0.025293201 0.122976326
              0.011478756 0.025212727 0.122959808 0.011454606 0.025137573 0.122936607 0.011462575 0.025037422 0.122866844 0.011510827 0.024923697 0.122784782
              0.011615746 0.024791315 0.122704872 0.011782705 0.02464448 0.122647736 0.00192178 0.024993845 0.127128227 0.001922743 0.024987764 0.127206444
              0.00192561 0.024969675 0.127282738 0.001930306 0.024940022 0.127355232 0.001936719 0.024899527 0.127422127 0.001944691 0.024849199 0.127481789
              0.001954023 0.024790272 0.127532738 0.001964489 0.024724201 0.12757373 0.001975827 0.024652607 0.127603752 0.001987763 0.024577253 0.127622086
              0.00184549 0.024975531 0.127128227 0.001773003 0.024945505 0.127128227 0.001847392 0.024969675 0.127206444 0.001775797 0.024940022 0.127206444
              0.001853052 0.024952255 0.127282738 0.001784112 0.024923697 0.127282738 0.00186233 0.024923697 0.127355232 0.001797743 0.02489695 0.127355232
              0.001874998 0.024884708 0.127422127 0.001816355 0.02486042 0.127422127 0.001890745 0.02483625 0.127481789 0.001839489 0.024815016 0.127481789
              0.00190918 0.024779507 0.127532738 0.001866573 0.024761864 0.127532738 0.001929853 0.024715885 0.12757373 0.001896944 0.024702251 0.12757373
              0.001952253 0.024646946 0.127603752 0.001929853 0.024637669 0.127603752 0.001975827 0.024574392 0.127622086 0.001964489 0.024569691 0.127622086
              0.001706105 0.024904512 0.127128227 0.001709724 0.024899527 0.127206444 0.00172049 0.024884708 0.127282738 0.001738138 0.02486042 0.127355232
              0.001762234 0.024827257 0.127422127 0.001792185 0.024786034 0.127481789 0.001827253 0.024737768 0.127532738 0.001866573 0.024683647 0.12757373
              0.00190918 0.024625004 0.127603752 0.001954023 0.024563282 0.127622086 0.001646444 0.024853558 0.127128227 0.00159549 0.024793894 0.127128227
              0.001650797 0.024849199 0.127206444 0.00160047 0.024790272 0.127206444 0.001663748 0.02483625 0.127282738 0.001615288 0.024779507 0.127282738
              0.001684981 0.024815016 0.127355232 0.001639578 0.024761864 0.127355232 0.001713967 0.024786034 0.127422127 0.001672745 0.024737768 0.127422127
              0.001749998 0.024750002 0.127481789 0.001713967 0.024707817 0.127481789 0.001792185 0.024707817 0.127532738 0.001762234 0.024672747 0.127532738
              0.001839489 0.024660513 0.12757373 0.001816355 0.024633423 0.12757373 0.001890745 0.024609253 0.127603752 0.001874998 0.02459082 0.127603752
              0.001944691 0.024555311 0.127622086 0.001936719 0.024545975 0.127622086 0.001554495 0.024726994 0.127128227 0.00155998 0.024724201 0.127206444
              0.001576299 0.024715885 0.127282738 0.001603052 0.024702251 0.127355232 0.001639578 0.024683647 0.127422127 0.001684981 0.024660513 0.127481789
              0.001738138 0.024633423 0.127532738 0.001797743 0.024603054 0.12757373 0.00186233 0.024570145 0.127603752 0.001930306 0.024535507 0.127622086
              0.001524471 0.024654507 0.127128227 0.001506153 0.02457822 0.127128227 0.001530325 0.024652607 0.127206444 0.001512233 0.024577253 0.127206444
              0.001547745 0.024646946 0.127282738 0.001530325 0.024574392 0.127282738 0.001576299 0.024637669 0.127355232 0.00155998 0.024569691 0.127355232
              0.001615288 0.024625004 0.127422127 0.00160047 0.024563282 0.127422127 0.001663748 0.024609253 0.127481789 0.001650797 0.024555311 0.127481789
              0.00172049 0.02459082 0.127532738 0.001709724 0.024545975 0.127532738 0.001784112 0.024570145 0.12757373 0.001775797 0.024535507 0.12757373
              0.001853052 0.024547749 0.127603752 0.001847392 0.024524168 0.127603752 0.00192561 0.024524168 0.127622086 0.001922743 0.024512239 0.127622086
              0.001506153 0.02457822 0.123128235 0.001524471 0.024654507 0.123128235 0.001554495 0.024726994 0.123128235 0.00159549 0.024793894 0.123128235
              0.001646444 0.024853558 0.123128235 0.001706105 0.024904512 0.123128235 0.001773003 0.024945505 0.123128235 0.00184549 0.024975531 0.123128235
              0.00192178 0.024993845 0.123128235 0.001922743 0.024987764 0.123050011 0.001874998 0.02459082 0.122652702 0.001936719 0.024545975 0.122634392
              0.001930306 0.024535507 0.122634392 0.001922743 0.024512239 0.122634392 0.001944691 0.024555311 0.122634392 0.001890745 0.024609253 0.122652702
              0.001839489 0.024660513 0.122682732 0.001954023 0.024563282 0.122634392 0.00186233 0.024570145 0.122652702 0.00192561 0.024524168 0.122634392
              0.001853052 0.024547749 0.122652702 0.001847392 0.024524168 0.122652702 0.00190918 0.024625004 0.122652702 0.001866573 0.024683647 0.122682732
              0.001827253 0.024737768 0.122723724 0.001964489 0.024569691 0.122634392 0.001816355 0.024633423 0.122682732 0.001797743 0.024603054 0.122682732
              0.001784112 0.024570145 0.122682732 0.001775797 0.024535507 0.122682732 0.001929853 0.024637669 0.122652702 0.001896944 0.024702251 0.122682732
              0.001866573 0.024761864 0.122723724 0.001839489 0.024815016 0.122774673 0.001975827 0.024574392 0.122634392 0.001792185 0.024707817 0.122723724
              0.001762234 0.024672747 0.122723724 0.001738138 0.024633423 0.122723724 0.00172049 0.02459082 0.122723724 0.001709724 0.024545975 0.122723724
              0.001952253 0.024646946 0.122652702 0.001929853 0.024715885 0.122682732 0.00190918 0.024779507 0.122723724 0.001890745 0.02483625 0.122774673
              0.001874998 0.024884708 0.122834343 0.001987763 0.024577253 0.122634392 0.001792185 0.024786034 0.122774673 0.001749998 0.024750002 0.122774673
              0.001713967 0.024707817 0.122774673 0.001684981 0.024660513 0.122774673 0.001663748 0.024609253 0.122774673 0.001650797 0.024555311 0.122774673
              0.001975827 0.024652607 0.122652702 0.001964489 0.024724201 0.122682732 0.001954023 0.024790272 0.122723724 0.001944691 0.024849199 0.122774673
              0.001936719 0.024899527 0.122834343 0.001930306 0.024940022 0.122901237 0.001816355 0.02486042 0.122834343 0.001762234 0.024827257 0.122834343
              0.001713967 0.024786034 0.122834343 0.001672745 0.024737768 0.122834343 0.001639578 0.024683647 0.122834343 0.001615288 0.024625004 0.122834343
              0.00160047 0.024563282 0.122834343 0.00186233 0.024923697 0.122901237 0.001797743 0.02489695 0.122901237 0.001738138 0.02486042 0.122901237
              0.001684981 0.024815016 0.122901237 0.001639578 0.024761864 0.122901237 0.001603052 0.024702251 0.122901237 0.001576299 0.024637669 0.122901237
              0.00155998 0.024569691 0.122901237 0.00192561 0.024969675 0.122973724 0.001853052 0.024952255 0.122973724 0.001784112 0.024923697 0.122973724
              0.00172049 0.024884708 0.122973724 0.001663748 0.02483625 0.122973724 0.001615288 0.024779507 0.122973724 0.001576299 0.024715885 0.122973724
              0.001547745 0.024646946 0.122973724 0.001530325 0.024574392 0.122973724 0.001847392 0.024969675 0.123050011 0.001775797 0.024940022 0.123050011
              0.001709724 0.024899527 0.123050011 0.001650797 0.024849199 0.123050011 0.00160047 0.024790272 0.123050011 0.00155998 0.024724201 0.123050011
              0.001530325 0.024652607 0.123050011 0.001512233 0.024577253 0.123050011 0 0.081836189 0.127128227 0 0.081836189 0.123128235
              7.4759e-05 0.079667236 0.127128227 7.4759e-05 0.079667236 0.123128235 0.000148918 0.078776825 0.127128227 0.000148918 0.078776825 0.123128235
              0.000298686 0.077508583 0.127128227 0.000298686 0.077508583 0.123128235 0.000594266 0.075746384 0.127128227 0.000594266 0.075746384 0.123128235
              0.00067072 0.075370468 0.127128227 0.00067072 0.075370468 0.123128235 0.001189088 0.073263046 0.127128227 0.001189088 0.073263046 0.123128235
              0.001331834 0.072773529 0.127128227 0.001331834 0.072773529 0.123128235 0.001851337 0.071196312 0.127128227 0.001851337 0.071196312 0.123128235
              0.002354646 0.06988636 0.127128227 0.002354646 0.06988636 0.123128235 0.002654318 0.069180092 0.127128227 0.002654318 0.069180092 0.123128235
              0.003594223 0.067223946 0.127128227 0.003594223 0.067223946 0.123128235 0.003653033 0.067112175 0.127128227 0.003653033 0.067112175 0.123128235
              0.004666587 0.065337158 0.127128227 0.004666587 0.065337158 0.123128235 0.005214717 0.064477211 0.127128227 0.005214717 0.064477211 0.123128235
              0.005866324 0.063528683 0.127128227 0.005866324 0.063528683 0.123128235 0.007024934 0.062006382 0.127128227 0.007024934 0.062006382 0.123128235
              0.007187737 0.06180711 0.127128227 0.007187737 0.06180711 0.123128235 0.008624552 0.060180611 0.127128227 0.008624552 0.060180611 0.123128235
              0.009066566 0.059723042 0.127128227 0.009066566 0.059723042 0.123128235 0.010169951 0.058656906 0.127128227 0.010169951 0.058656906 0.123128235
              0.011320312 0.057648788 0.127128227 0.011320312 0.057648788 0.123128235 0.062999996 0.081836189 0.127128227 0.062999996 0.081836189 0.123128235
              0.062915966 0.084135536 0.127128227 0.062915966 0.084135536 0.123128235 0.062838383 0.085022987 0.127128227 0.062838383 0.085022987 0.123128235
              0.062664314 0.086422623 0.127128227 0.062664314 0.086422623 0.123128235 0.06235519 0.088177094 0.127128227 0.06235519 0.088177094 0.123128235
              0.062246387 0.088685242 0.127128227 0.062246387 0.088685242 0.123128235 0.061664417 0.090911308 0.127128227 0.061664417 0.090911308 0.123128235
              0.061555386 0.091266129 0.127128227 0.061555386 0.091266129 0.123128235 0.060921505 0.093088959 0.127128227 0.060921505 0.093088959 0.123128235
              0.06044717 0.094258392 0.127128227 0.06044717 0.094258392 0.123128235 0.060021618 0.095206573 0.127128227 0.060021618 0.095206573 0.123128235
              0.059041916 0.097123199 0.127128227 0.059041916 0.097123199 0.123128235 0.058969555 0.097252846 0.127128227 0.058969555 0.097252846 0.123128235
              0.057770931 0.099216873 0.127128227 0.057770931 0.099216873 0.123128235 0.057354046 0.099831139 0.127128227 0.057354046 0.099831139 0.123128235
              0.056432137 0.101088158 0.127128227 0.056432137 0.101088158 0.123128235 0.055400879 0.102354424 0.127128227 0.055400879 0.102354424 0.123128235
              0.054960323 0.102856728 0.127128227 0.054960323 0.102856728 0.123128235 0.053363335 0.104513145 0.127128227 0.053363335 0.104513145 0.123128235
              0.053202457 0.10466716 0.127128227 0.053202457 0.10466716 0.123128235 0.0516497 0.106048569 0.127128227 0.0516497 0.106048569 0.123128235
              0.050781338 0.106745621 0.127128227 0.050781338 0.106745621 0.123128235 0.049828552 0.107454811 0.127128227 0.049828552 0.107454811 0.123128235
              0.048162365 0.108568481 0.127128227 0.048162365 0.108568481 0.123128235 0.047909618 0.108724373 0.127128227 0.047909618 0.108724373 0.123128235
              0.04590313 0.109850464 0.127128227 0.04590313 0.109850464 0.123128235 0.045372414 0.110117027 0.127128227 0.045372414 0.110117027 0.123128235
              0.043819798 0.110827095 0.127128227 0.043819798 0.110827095 0.123128235 0.042440113 0.111375381 0.127128227 0.042440113 0.111375381 0.123128235
              0.041670731 0.11164904 0.127128227 0.041670731 0.11164904 0.123128235 0.0394674 0.11231192 0.127128227 0.0394674 0.11231192 0.123128235
              0.039395554 0.11233062 0.127128227 0.039395554 0.11233062 0.123128235 0.037221558 0.112812202 0.127128227 0.037221558 0.112812202 0.123128235
              0.036269974 0.112972939 0.127128227 0.036269974 0.112972939 0.123128235 0.03494519 0.113147217 0.127128227 0.03494519 0.113147217 0.123128235
              0.033095448 0.113295761 0.127128227 0.033095448 0.113295761 0.123128235 0.03265044 0.11331517 0.127128227 0.03265044 0.11331517 0.123128235
              0.030349554 0.11331517 0.127128227 0.030349554 0.11331517 0.123128235 0.029904549 0.113295761 0.127128227 0.029904549 0.113295761 0.123128235
              0.028054806 0.113147217 0.127128227 0.028054806 0.113147217 0.123128235 0.026730022 0.112972939 0.127128227 0.026730022 0.112972939 0.123128235
              0.025778437 0.112812202 0.127128227 0.025778437 0.112812202 0.123128235 0.023604443 0.11233062 0.127128227 0.023604443 0.11233062 0.123128235
              0.023532597 0.11231192 0.127128227 0.023532597 0.11231192 0.123128235 0.021329266 0.11164904 0.127128227 0.021329266 0.11164904 0.123128235
              0.020559883 0.111375381 0.127128227 0.020559883 0.111375381 0.123128235 0.019180199 0.110827095 0.127128227 0.019180199 0.110827095 0.123128235
              0.017627583 0.110117027 0.127128227 0.017627583 0.110117027 0.123128235 0.017096865 0.109850464 0.127128227 0.017096865 0.109850464 0.123128235
              0.015090378 0.108724373 0.127128227 0.015090378 0.108724373 0.123128235 0.014837632 0.108568481 0.127128227 0.014837632 0.108568481 0.123128235
              0.013171442 0.107454811 0.127128227 0.013171442 0.107454811 0.123128235 0.012218659 0.106745621 0.127128227 0.012218659 0.106745621 0.123128235
              0.011350298 0.106048569 0.127128227 0.011350298 0.106048569 0.123128235 0.00979754 0.10466716 0.127128227 0.00979754 0.10466716 0.123128235
              0.009636661 0.104513145 0.127128227 0.009636661 0.104513145 0.123128235 0.008039674 0.102856728 0.127128227 0.008039674 0.102856728 0.123128235
              0.007599117 0.102354424 0.127128227 0.007599117 0.102354424 0.123128235 0.006567858 0.101088158 0.127128227 0.006567858 0.101088158 0.123128235
              0.005645949 0.099831139 0.127128227 0.005645949 0.099831139 0.123128235 0.005229067 0.099216873 0.127128227 0.005229067 0.099216873 0.123128235
              0.004030442 0.097252846 0.127128227 0.004030442 0.097252846 0.123128235 0.00395808 0.097123199 0.127128227 0.00395808 0.097123199 0.123128235
              0.002978379 0.095206573 0.127128227 0.002978379 0.095206573 0.123128235 0.002552828 0.094258392 0.127128227 0.002552828 0.094258392 0.123128235
              0.00207849 0.093088959 0.127128227 0.00207849 0.093088959 0.123128235 0.001444612 0.091266129 0.127128227 0.001444612 0.091266129 0.123128235
              0.00133558 0.090911308 0.127128227 0.00133558 0.090911308 0.123128235 0.000753608 0.088685242 0.127128227 0.000753608 0.088685242 0.123128235
              0.000644805 0.088177094 0.127128227 0.000644805 0.088177094 0.123128235 0.000335682 0.086422623 0.127128227 0.000335682 0.086422623 0.123128235
              0.000161614 0.085022987 0.127128227 0.000161614 0.085022987 0.123128235 8.4031e-05 0.084135536 0.127128227 8.4031e-05 0.084135536 0.123128235
              0.051679688 0.057648788 0.127128227 0.051679688 0.057648788 0.123128235 0.052830044 0.058656906 0.127128227 0.052830044 0.058656906 0.123128235
              0.05393343 0.059723042 0.127128227 0.05393343 0.059723042 0.123128235 0.054375443 0.060180611 0.127128227 0.054375443 0.060180611 0.123128235
              0.05581226 0.06180711 0.127128227 0.05581226 0.06180711 0.123128235 0.055975063 0.062006382 0.127128227 0.055975063 0.062006382 0.123128235
              0.057133675 0.063528683 0.127128227 0.057133675 0.063528683 0.123128235 0.057785278 0.064477211 0.127128227 0.057785278 0.064477211 0.123128235
              0.058333408 0.065337158 0.127128227 0.058333408 0.065337158 0.123128235 0.059346962 0.067112175 0.127128227 0.059346962 0.067112175 0.123128235
              0.059405773 0.067223946 0.127128227 0.059405773 0.067223946 0.123128235 0.060345676 0.069180092 0.127128227 0.060345676 0.069180092 0.123128235
              0.060645351 0.06988636 0.127128227 0.060645351 0.06988636 0.123128235 0.061148659 0.071196312 0.127128227 0.061148659 0.071196312 0.123128235
              0.061668163 0.072773529 0.127128227 0.061668163 0.072773529 0.123128235 0.061810905 0.073263046 0.127128227 0.061810905 0.073263046 0.123128235
              0.062329277 0.075370468 0.127128227 0.062329277 0.075370468 0.123128235 0.062405731 0.075746384 0.127128227 0.062405731 0.075746384 0.123128235
              0.062701309 0.077508583 0.127128227 0.062701309 0.077508583 0.123128235 0.062851078 0.078776825 0.127128227 0.062851078 0.078776825 0.123128235
              0.06292524 0.079667236 0.127128227 0.06292524 0.079667236 0.123128235 0.011320921 0.057648872 0.123106979 0.011336688 0.057650948 0.1230187
              0.011327855 0.057649784 0.123053635 0.01017412 0.058661434 0.123050011 0.011364866 0.057654652 0.122949509 0.011353344 0.057653137 0.122973656
              0.010186523 0.058674911 0.122973724 0.011348978 0.057652561 0.122983994 0.011412824 0.057660961 0.122875549 0.011386951 0.057657558 0.122911552
              0.010206854 0.058697006 0.122901237 0.011470804 0.057668568 0.122813568 0.011449572 0.057665783 0.122834015 0.010234613 0.058727173 0.122834343
              0.01156042 0.057680305 0.122746063 0.011535076 0.057676991 0.122762657 0.010269116 0.058764668 0.122774673 0.011649548 0.057691948 0.122699196
              0.011599602 0.057685429 0.122723457 0.010309516 0.058808567 0.122723724 0.011750573 0.057705109 0.122662727 0.011690464 0.057697281 0.122682556
              0.010354815 0.058857796 0.122682732 0.011877071 0.057721531 0.12263636 0.011788988 0.057710098 0.122652641 0.010403899 0.058911133 0.122652702
              0.011764644 0.057706936 0.122658813 0.011995761 0.057736443 0.122628242 0.01045556 0.058967274 0.122634392 0.011893004 0.057723598 0.122634377
              0.008629023 0.060184845 0.123050011 0.007192489 0.061811024 0.123050011 0.005871333 0.063532261 0.123050011 0.004671833 0.065340378 0.123050011
              0.003599677 0.067226799 0.123050011 0.001195014 0.073264717 0.123050011 0.001857132 0.071198395 0.123050011 0.002659956 0.069182564 0.123050011
              8.0902e-05 0.079667664 0.123050011 0.000304785 0.077509422 0.123050011 0.000676744 0.075371735 0.123050011 6.154e-06 0.081836189 0.123050011
              0.008642323 0.060197433 0.122973724 0.007206625 0.06182267 0.122973724 0.005886238 0.063542904 0.122973724 0.004687434 0.065349968 0.122973724
              0.003615903 0.067235298 0.122973724 0.002676729 0.069189926 0.122973724 0.00187437 0.071204582 0.122973724 0.001212638 0.073269699 0.122973724
              0.00069467 0.075375488 0.122973724 0.000322927 0.077511948 0.122973724 9.9171e-05 0.079668922 0.122973724 2.4471e-05 0.081836189 0.122973724
              0.008664127 0.060218079 0.122901237 0.007229797 0.061841759 0.122901237 0.005910672 0.063560356 0.122901237 0.004713012 0.0653657 0.122901237
              0.003642501 0.067249222 0.122901237 0.002704224 0.069201988 0.122901237 0.001902631 0.071214722 0.122901237 0.001241529 0.073277878 0.122901237
              0.000724055 0.075381653 0.122901237 0.000352666 0.077516068 0.122901237 0.000129126 0.07967099 0.122901237 5.4494e-05 0.081836189 0.122901237
              0.008693898 0.060246258 0.122834343 0.007261438 0.061867828 0.122834343 0.005944032 0.063584179 0.122834343 0.004747933 0.065387169 0.122834343
              0.003678819 0.067268234 0.122834343 0.002741763 0.06921846 0.122834343 0.001941215 0.071228569 0.122834343 0.001280976 0.073289032 0.122834343
              0.000764178 0.075390068 0.122834343 0.000393271 0.077521698 0.122834343 0.000170022 0.079673813 0.122834343 9.549e-05 0.081836189 0.122834343
              0.008730904 0.060281292 0.122774673 0.007300766 0.061900227 0.122774673 0.005985498 0.063613796 0.122774673 0.00479134 0.065413857 0.122774673
              0.00372396 0.067291878 0.122774673 0.002788424 0.06923893 0.122774673 0.001989177 0.071245781 0.122774673 0.001330007 0.073302902 0.122774673
              0.000814047 0.075400528 0.122774673 0.000443745 0.077528702 0.122774673 0.000220858 0.079677322 0.122774673 0.000146445 0.081836189 0.122774673
              0.008774228 0.060322308 0.122723724 0.007346815 0.061938164 0.122723724 0.006034048 0.063648468 0.122723724 0.004842162 0.065445107 0.122723724
              0.003776813 0.06731955 0.122723724 0.002843058 0.069262901 0.122723724 0.002045331 0.07126593 0.122723724 0.001387415 0.073319138 0.122723724
              0.000872437 0.075412773 0.122723724 0.00050284 0.077536896 0.122723724 0.000280377 0.079681427 0.122723724 0.000206105 0.081836189 0.122723724
              0.00882281 0.060368298 0.122682732 0.007398447 0.061980698 0.122682732 0.006088486 0.063687351 0.122682732 0.004899148 0.065480148 0.122682732
              0.003836077 0.067350586 0.122682732 0.002904318 0.06928978 0.122682732 0.002108296 0.071288528 0.122682732 0.001451788 0.073337349 0.122682732
              0.000937911 0.075426506 0.122682732 0.000569101 0.077546089 0.122682732 0.000347115 0.079686035 0.122682732 0.000273004 0.081836189 0.122682732
              0.00887545 0.060418129 0.122652702 0.007454393 0.062026787 0.122652702 0.006147474 0.063729477 0.122652702 0.004960896 0.065518112 0.122652702
              0.003900293 0.067384209 0.122652702 0.002970697 0.069318901 0.122652702 0.002176523 0.071313011 0.122652702 0.001521539 0.073357079 0.122652702
              0.001008853 0.075441383 0.122652702 0.000640903 0.077556046 0.122652702 0.00041943 0.079691025 0.122652702 0.000345491 0.081836189 0.122652702
              0.008930853 0.060470577 0.122634392 0.007513275 0.062075298 0.122634392 0.006209558 0.063773819 0.122634392 0.005025886 0.065558075 0.122634392
              0.003967879 0.067419601 0.122634392 0.00304056 0.069349556 0.122634392 0.00224833 0.071338783 0.122634392 0.001594949 0.073377838 0.122634392
              0.001083521 0.075457039 0.122634392 0.00071647 0.077566528 0.122634392 0.000495542 0.079696281 0.122634392 0.000421781 0.081836189 0.122634392
              0.039360718 0.111903854 0.122634392 0.039380013 0.111977669 0.122652702 0.041559177 0.111322052 0.122652702 0.000428602 0.084110321 0.122652702
              0.03939835 0.112047798 0.122682732 0.041582584 0.111390656 0.122682732 0.000356309 0.084115608 0.122682732 0.039415268 0.112112518 0.122723724
              0.041604183 0.111453972 0.122723724 0.000289589 0.084120499 0.122723724 0.039430359 0.112170242 0.122774673 0.041623447 0.111510437 0.122774673
              0.000230089 0.084124847 0.122774673 0.039443245 0.112219536 0.122834343 0.0416399 0.111558662 0.122834343 0.000179268 0.084128571 0.122834343
              0.039453617 0.112259201 0.122901237 0.041653133 0.111597466 0.122901237 0.000138383 0.084131561 0.122901237 0.039461208 0.112288246 0.122973724
              0.04166283 0.111625877 0.122973724 0.000108439 0.084133751 0.122973724 0.039465843 0.112305969 0.123050011 0.041668743 0.111643211 0.123050011
              9.0171e-05 0.084135094 0.123050011 0.034944519 0.113141098 0.123050011 0.030349779 0.113309021 0.123050011 0.028055479 0.113141098 0.123050011
              0.025779556 0.112806152 0.123050011 0.000759616 0.088683899 0.123050011 0.000341773 0.08642173 0.123050011 0.001341473 0.090909538 0.123050011
              0.00208424 0.093086761 0.123050011 0.002983952 0.095203957 0.123050011 0.00403581 0.09724984 0.123050011 0.00804426 0.102852623 0.123050011
              0.006572731 0.101084396 0.123050011 0.0052342 0.099213478 0.123050011 0.009640934 0.104508713 0.123050011 0.011354236 0.106043839 0.123050011
              0.015093584 0.108719116 0.123050011 0.013175024 0.107449806 0.123050011 0.021331253 0.111643211 0.123050011 0.019182608 0.110821426 0.123050011
              0.01709968 0.109844994 0.123050011 0.045900318 0.109844994 0.123050011 0.04381739 0.110821426 0.123050011 0.04790641 0.108719116 0.123050011
              0.04982497 0.107449806 0.123050011 0.05164576 0.106043839 0.123050011 0.053359062 0.104508713 0.123050011 0.057765797 0.099213478 0.123050011
              0.056427265 0.101084396 0.123050011 0.054955738 0.102852623 0.123050011 0.058964188 0.09724984 0.123050011 0.060016045 0.095203957 0.123050011
              0.061658524 0.090909538 0.123050011 0.060915756 0.093086761 0.123050011 0.062909828 0.084135094 0.123050011 0.062658226 0.08642173 0.123050011
              0.062240379 0.088683899 0.123050011 0.062993843 0.081836189 0.123050011 0.000359893 0.08641906 0.122973724 0.000777494 0.088679916 0.122973724
              0.001359014 0.090904259 0.122973724 0.002101347 0.093080215 0.122973724 0.003000537 0.095196182 0.122973724 0.004051782 0.097240875 0.122973724
              0.005249476 0.099203369 0.122973724 0.006587228 0.101073204 0.122973724 0.008057899 0.102840401 0.122973724 0.009653646 0.104495529 0.122973724
              0.011365952 0.106029762 0.122973724 0.013185681 0.107434914 0.122973724 0.015103126 0.108703484 0.122973724 0.017108055 0.109828705 0.122973724
              0.01918977 0.110804573 0.122973724 0.021337168 0.111625877 0.122973724 0.043810226 0.110804573 0.122973724 0.045891941 0.109828705 0.122973724
              0.04789687 0.108703484 0.122973724 0.049814316 0.107434914 0.122973724 0.051634045 0.106029762 0.122973724 0.053346352 0.104495529 0.122973724
              0.054942097 0.102840401 0.122973724 0.056412769 0.101073204 0.122973724 0.057750519 0.099203369 0.122973724 0.058948212 0.097240875 0.122973724
              0.059999462 0.095196182 0.122973724 0.060898647 0.093080215 0.122973724 0.061640984 0.090904259 0.122973724 0.0622225 0.088679916 0.122973724
              0.062640102 0.08641906 0.122973724 0.06289156 0.084133751 0.122973724 0.062975525 0.081836189 0.122973724 0.000389598 0.086414688 0.122901237
              0.000806801 0.088673386 0.122901237 0.001387766 0.090895607 0.122901237 0.002129391 0.093069489 0.122901237 0.003027722 0.095183441 0.122901237
              0.004077965 0.097226181 0.122901237 0.005274518 0.099186798 0.122901237 0.006610993 0.101054855 0.122901237 0.008080263 0.102820366 0.122901237
              0.009674486 0.104473915 0.122901237 0.011385158 0.106006683 0.122901237 0.013203152 0.107410492 0.122901237 0.015118767 0.108677849 0.122901237
              0.017121784 0.109802002 0.122901237 0.019201513 0.110776939 0.122901237 0.021346861 0.111597466 0.122901237 0.043798485 0.110776939 0.122901237
              0.045878212 0.109802002 0.122901237 0.047881229 0.108677849 0.122901237 0.049796844 0.107410492 0.122901237 0.051614838 0.106006683 0.122901237
              0.053325508 0.104473915 0.122901237 0.054919735 0.102820366 0.122901237 0.056389004 0.101054855 0.122901237 0.057725479 0.099186798 0.122901237
              0.058922031 0.097226181 0.122901237 0.059972275 0.095183441 0.122901237 0.060870605 0.093069489 0.122901237 0.061612232 0.090895607 0.122901237
              0.062193195 0.088673386 0.122901237 0.062610397 0.086414688 0.122901237 0.062861614 0.084131561 0.122901237 0.062945503 0.081836189 0.122901237
              0.000430156 0.086408722 0.122834343 0.000846814 0.088664474 0.122834343 0.001427023 0.090883797 0.122834343 0.002167681 0.093054848 0.122834343
              0.003064841 0.095166039 0.122834343 0.004113715 0.097206116 0.122834343 0.005308706 0.099164185 0.122834343 0.006643441 0.1010298 0.122834343
              0.008110793 0.102793007 0.122834343 0.00970294 0.104444405 0.122834343 0.011411382 0.105975174 0.122834343 0.013227005 0.107377151 0.122834343
              0.015140123 0.10864286 0.122834343 0.017140528 0.109765541 0.122834343 0.019217546 0.110739204 0.122834343 0.021360098 0.111558662 0.122834343
              0.043782448 0.110739204 0.122834343 0.045859467 0.109765541 0.122834343 0.047859875 0.10864286 0.122834343 0.049772991 0.107377151 0.122834343
              0.051588615 0.105975174 0.122834343 0.053297058 0.104444405 0.122834343 0.054889202 0.102793007 0.122834343 0.056356556 0.1010298 0.122834343
              0.057691288 0.099164185 0.122834343 0.058886284 0.097206116 0.122834343 0.059935154 0.095166039 0.122834343 0.060832314 0.093054848 0.122834343
              0.061572975 0.090883797 0.122834343 0.062153179 0.088664474 0.122834343 0.062569839 0.086408722 0.122834343 0.062820728 0.084128571 0.122834343
              0.062904507 0.081836189 0.122834343 0.00048057 0.086401299 0.122774673 0.000896551 0.088653397 0.122774673 0.001475817 0.090869118 0.122774673
              0.002215274 0.093036644 0.122774673 0.003110979 0.095144417 0.122774673 0.00415815 0.097181175 0.122774673 0.005351202 0.09913607 0.122774673
              0.006683771 0.100998657 0.122774673 0.008148745 0.102759003 0.122774673 0.009738306 0.104407722 0.122774673 0.011443976 0.105936005 0.122774673
              0.013256654 0.107335709 0.122774673 0.015166668 0.108599365 0.122774673 0.017163826 0.109720222 0.122774673 0.019237476 0.110692314 0.122774673
              0.021376551 0.111510437 0.122774673 0.04376252 0.110692314 0.122774673 0.04583617 0.109720222 0.122774673 0.047833328 0.108599365 0.122774673
              0.049743343 0.107335709 0.122774673 0.051556023 0.105936005 0.122774673 0.053261688 0.104407722 0.122774673 0.054851254 0.102759003 0.122774673
              0.056316223 0.100998657 0.122774673 0.057648792 0.09913607 0.122774673 0.058841846 0.097181175 0.122774673 0.059889019 0.095144417 0.122774673
              0.060784721 0.093036644 0.122774673 0.061524178 0.090869118 0.122774673 0.062103443 0.088653397 0.122774673 0.062519428 0.086401299 0.122774673
              0.062769909 0.084124847 0.122774673 0.062853554 0.081836189 0.122774673 0.000539593 0.086392616 0.122723724 0.000954784 0.088640427 0.122723724
              0.001532948 0.090851929 0.122723724 0.002270998 0.093015335 0.122723724 0.003164999 0.095119087 0.122723724 0.004210178 0.097151978 0.122723724
              0.005400959 0.099103149 0.122723724 0.006730992 0.100962189 0.122723724 0.008193178 0.102719193 0.122723724 0.009779714 0.104364769 0.122723724
              0.01148214 0.105890152 0.122723724 0.013291368 0.107287186 0.122723724 0.015197746 0.108548439 0.122723724 0.017191107 0.109667168 0.122723724
              0.019260809 0.110637405 0.122723724 0.021395813 0.111453972 0.122723724 0.043739189 0.110637405 0.122723724 0.045808891 0.109667168 0.122723724
              0.04780225 0.108548439 0.122723724 0.04970863 0.107287186 0.122723724 0.051517857 0.105890152 0.122723724 0.05322028 0.104364769 0.122723724
              0.05480682 0.102719193 0.122723724 0.056269005 0.100962189 0.122723724 0.057599037 0.099103149 0.122723724 0.058789818 0.097151978 0.122723724
              0.059834999 0.095119087 0.122723724 0.060729 0.093015335 0.122723724 0.061467049 0.090851929 0.122723724 0.062045212 0.088640427 0.122723724
              0.062460403 0.086392616 0.122723724 0.062710407 0.084120499 0.122723724 0.062793892 0.081836189 0.122723724 0.000605777 0.086382874 0.122682732
              0.001020081 0.088625877 0.122682732 0.00159701 0.090832657 0.122682732 0.002333481 0.092991432 0.122682732 0.00322557 0.095090698 0.122682732
              0.004268516 0.09711924 0.122682732 0.005456753 0.099066238 0.122682732 0.006783942 0.100921303 0.122682732 0.008243 0.102674545 0.122682732
              0.009826146 0.104316612 0.122682732 0.011524933 0.10583873 0.122682732 0.013330292 0.10723278 0.122682732 0.015232596 0.108491333 0.122682732
              0.017221693 0.109607674 0.122682732 0.019286974 0.110575836 0.122682732 0.021417414 0.111390656 0.122682732 0.043713024 0.110575836 0.122682732
              0.045778301 0.109607674 0.122682732 0.047767399 0.108491333 0.122682732 0.049669704 0.10723278 0.122682732 0.051475063 0.10583873 0.122682732
              0.053173851 0.104316612 0.122682732 0.054756996 0.102674545 0.122682732 0.056216057 0.100921303 0.122682732 0.057543243 0.099066238 0.122682732
              0.05873148 0.09711924 0.122682732 0.059774426 0.095090698 0.122682732 0.060666515 0.092991432 0.122682732 0.061402988 0.090832657 0.122682732
              0.061979916 0.088625877 0.122682732 0.062394218 0.086382874 0.122682732 0.062643688 0.084115608 0.122682732 0.062726994 0.081836189 0.122682732
              0.000677492 0.086372322 0.122652702 0.001090834 0.088610115 0.122652702 0.001666423 0.090811775 0.122652702 0.002401186 0.092965538 0.122652702
              0.003291203 0.095059929 0.122652702 0.004331727 0.097083763 0.122652702 0.005517205 0.099026237 0.122652702 0.006841315 0.100877007 0.122652702
              0.008296987 0.102626175 0.122652702 0.009876458 0.104264427 0.122652702 0.0115713 0.105783012 0.122652702 0.01337247 0.107173828 0.122652702
              0.015270358 0.108429459 0.122652702 0.017254839 0.109543205 0.122652702 0.019315323 0.110509117 0.122652702 0.021440819 0.111322052 0.122652702
              0.043684673 0.110509117 0.122652702 0.045745159 0.109543205 0.122652702 0.047729641 0.108429459 0.122652702 0.049627529 0.107173828 0.122652702
              0.051428696 0.105783012 0.122652702 0.053123539 0.104264427 0.122652702 0.054703011 0.102626175 0.122652702 0.056158684 0.100877007 0.122652702
              0.057482792 0.099026237 0.122652702 0.05866827 0.097083763 0.122652702 0.059708794 0.095059929 0.122652702 0.060598812 0.092965538 0.122652702
              0.061333576 0.090811775 0.122652702 0.061909161 0.088610115 0.122652702 0.062322506 0.086372322 0.122652702 0.062571396 0.084110321 0.122652702
              0.062654507 0.081836189 0.122652702 0.000504687 0.084104752 0.122634392 0.000752971 0.086361214 0.122634392 0.001165301 0.088593529 0.122634392
              0.00173948 0.090789795 0.122634392 0.002472444 0.092938286 0.122634392 0.003360281 0.095027542 0.122634392 0.004398256 0.097046425 0.122634392
              0.005580833 0.098984146 0.122634392 0.006901698 0.100830376 0.122634392 0.008353807 0.102575264 0.122634392 0.009929409 0.104209503 0.122634392
              0.011620101 0.105724373 0.122634392 0.013416861 0.107111786 0.122634392 0.015310102 0.108364342 0.122634392 0.017289722 0.109475357 0.122634392
              0.019345161 0.110438904 0.122634392 0.02146545 0.111249847 0.122634392 0.041534546 0.111249847 0.122634392 0.043654835 0.110438904 0.122634392
              0.045710274 0.109475357 0.122634392 0.047689896 0.108364342 0.122634392 0.049583134 0.107111786 0.122634392 0.051379894 0.105724373 0.122634392
              0.053070587 0.104209503 0.122634392 0.054646191 0.102575264 0.122634392 0.056098297 0.100830376 0.122634392 0.057419163 0.098984146 0.122634392
              0.058601738 0.097046425 0.122634392 0.059639713 0.095027542 0.122634392 0.060527554 0.092938286 0.122634392 0.061260517 0.090789795 0.122634392
              0.061834698 0.088593529 0.122634392 0.062247028 0.086361214 0.122634392 0.062495308 0.084104752 0.122634392 0.062578217 0.081836189 0.122634392
              0.023534153 0.112305969 0.123050011 0.023538786 0.112288246 0.122973724 0.023546381 0.112259201 0.122901237 0.023556749 0.112219536 0.122834343
              0.023569637 0.112170242 0.122774673 0.023584728 0.112112518 0.122723724 0.023601648 0.112047798 0.122682732 0.023619984 0.111977669 0.122652702
              0.02363928 0.111903854 0.122634392 0.025782883 0.112788139 0.122973724 0.025788336 0.112758614 0.122901237 0.025795782 0.1127183 0.122834343
              0.025805037 0.112668198 0.122774673 0.025815874 0.112609528 0.122723724 0.025828026 0.112543739 0.122682732 0.025841192 0.112472466 0.122652702
              0.025855049 0.112397438 0.122634392 0.028057482 0.113122894 0.122973724 0.028060766 0.113093048 0.122901237 0.028065248 0.113052299 0.122834343
              0.028070822 0.113001648 0.122774673 0.028077347 0.112942345 0.122723724 0.028084663 0.112875854 0.122682732 0.028092592 0.112803802 0.122652702
              0.028100937 0.112727966 0.122634392 0.030350449 0.113290718 0.122973724 0.030351545 0.113260712 0.122901237 0.030353043 0.113219742 0.122834343
              0.030354902 0.113168823 0.122774673 0.030357082 0.1131092 0.122723724 0.030359526 0.113042351 0.122682732 0.030362173 0.11296991 0.122652702
              0.03036496 0.112893669 0.122634392 0.032650219 0.113309021 0.123050011 0.032649548 0.113290718 0.122973724 0.032648453 0.113260712 0.122901237
              0.032646954 0.113219742 0.122834343 0.032645092 0.113168823 0.122774673 0.032642914 0.1131092 0.122723724 0.032640472 0.113042351 0.122682732
              0.032637825 0.11296991 0.122652702 0.032635036 0.112893669 0.122634392 0.034942516 0.113122894 0.122973724 0.034939232 0.113093048 0.122901237
              0.034934746 0.113052299 0.122834343 0.034929173 0.113001648 0.122774673 0.034922649 0.112942345 0.122723724 0.034915333 0.112875854 0.122682732
              0.034907406 0.112803802 0.122652702 0.034899059 0.112727966 0.122634392 0.03722044 0.112806152 0.123050011 0.037217113 0.112788139 0.122973724
              0.037211658 0.112758614 0.122901237 0.037204216 0.1127183 0.122834343 0.037194958 0.112668198 0.122774673 0.037184124 0.112609528 0.122723724
              0.03717197 0.112543739 0.122682732 0.037158806 0.112472466 0.122652702 0.037144947 0.112397438 0.122634392 0.051679077 0.057648872 0.123106979
              0.051672142 0.057649784 0.123053635 0.052825874 0.058661434 0.123050011 0.051635128 0.057654652 0.122949509 0.051613045 0.057657558 0.122911552
              0.052793144 0.058697006 0.122901237 0.051587173 0.057660961 0.122875549 0.051550423 0.057665783 0.122834015 0.052765381 0.058727173 0.122834343
              0.051529194 0.057668568 0.122813568 0.051481514 0.057674816 0.122774483 0.052730877 0.058764668 0.122774673 0.051350449 0.057691948 0.122699196
              0.051309532 0.057697281 0.122682556 0.05264518 0.058857796 0.122682732 0.051122925 0.057721531 0.12263636 0.051106991 0.057723598 0.122634377
              0.052544437 0.058967274 0.122634392 0.051004234 0.057736443 0.122628242 0.05121101 0.057710098 0.122652641 0.051249424 0.057705109 0.122662727
              0.052596096 0.058911133 0.122652702 0.051235355 0.057706936 0.122658813 0.051400394 0.057685429 0.122723457 0.05146492 0.057676991 0.122762657
              0.052690479 0.058808567 0.122723724 0.051439575 0.057680305 0.122746063 0.051646652 0.057653137 0.122973656 0.051663311 0.057650948 0.1230187
              0.052813473 0.058674911 0.122973724 0.05165102 0.057652561 0.122983994 0.062323254 0.075371735 0.123050011 0.062695213 0.077509422 0.123050011
              0.062919094 0.079667664 0.123050011 0.060340042 0.069182564 0.123050011 0.061142864 0.071198395 0.123050011 0.061804985 0.073264717 0.123050011
              0.059400322 0.067226799 0.123050011 0.058328163 0.065340378 0.123050011 0.05580751 0.061811024 0.123050011 0.057128662 0.063532261 0.123050011
              0.054370972 0.060184845 0.123050011 0.054357674 0.060197433 0.122973724 0.055793373 0.06182267 0.122973724 0.057113758 0.063542904 0.122973724
              0.058312561 0.065349968 0.122973724 0.059384094 0.067235298 0.122973724 0.060323269 0.069189926 0.122973724 0.061125626 0.071204582 0.122973724
              0.061787361 0.073269699 0.122973724 0.062305328 0.075375488 0.122973724 0.062677071 0.077511948 0.122973724 0.062900826 0.079668922 0.122973724
              0.054335869 0.060218079 0.122901237 0.055770199 0.061841759 0.122901237 0.057089325 0.063560356 0.122901237 0.058286983 0.0653657 0.122901237
              0.059357494 0.067249222 0.122901237 0.060295773 0.069201988 0.122901237 0.061097366 0.071214722 0.122901237 0.061758469 0.073277878 0.122901237
              0.06227594 0.075381653 0.122901237 0.062647331 0.077516068 0.122901237 0.062870869 0.07967099 0.122901237 0.054306099 0.060246258 0.122834343
              0.055738556 0.061867828 0.122834343 0.057055962 0.063584179 0.122834343 0.058252064 0.065387169 0.122834343 0.059321178 0.067268234 0.122834343
              0.060258232 0.06921846 0.122834343 0.061058781 0.071228569 0.122834343 0.061719021 0.073289032 0.122834343 0.062235821 0.075390068 0.122834343
              0.062606724 0.077521698 0.122834343 0.062829971 0.079673813 0.122834343 0.054269093 0.060281292 0.122774673 0.05569923 0.061900227 0.122774673
              0.0570145 0.063613796 0.122774673 0.058208656 0.065413857 0.122774673 0.059276035 0.067291878 0.122774673 0.060211571 0.06923893 0.122774673
              0.061010822 0.071245781 0.122774673 0.061669987 0.073302902 0.122774673 0.062185947 0.075400528 0.122774673 0.062556252 0.077528702 0.122774673
              0.062779137 0.079677322 0.122774673 0.054225765 0.060322308 0.122723724 0.055653183 0.061938164 0.122723724 0.05696595 0.063648468 0.122723724
              0.058157837 0.065445107 0.122723724 0.059223183 0.06731955 0.122723724 0.060156937 0.069262901 0.122723724 0.060954666 0.07126593 0.122723724
              0.061612579 0.073319138 0.122723724 0.06212756 0.075412773 0.122723724 0.062497154 0.077536896 0.122723724 0.06271962 0.079681427 0.122723724
              0.054177189 0.060368298 0.122682732 0.055601551 0.061980698 0.122682732 0.05691151 0.063687351 0.122682732 0.058100849 0.065480148 0.122682732
              0.059163918 0.067350586 0.122682732 0.060095676 0.06928978 0.122682732 0.060891701 0.071288528 0.122682732 0.06154821 0.073337349 0.122682732
              0.062062088 0.075426506 0.122682732 0.062430893 0.077546089 0.122682732 0.062652882 0.079686035 0.122682732 0.054124546 0.060418129 0.122652702
              0.055545605 0.062026787 0.122652702 0.05685252 0.063729477 0.122652702 0.058039101 0.065518112 0.122652702 0.059099705 0.067384209 0.122652702
              0.060029297 0.069318901 0.122652702 0.060823475 0.071313011 0.122652702 0.061478458 0.073357079 0.122652702 0.061991142 0.075441383 0.122652702
              0.062359093 0.077556046 0.122652702 0.062580566 0.079691025 0.122652702 0.054069141 0.060470577 0.122634392 0.055486721 0.062075298 0.122634392
              0.05679044 0.063773819 0.122634392 0.05797411 0.065558075 0.122634392 0.05903212 0.067419601 0.122634392 0.059959435 0.069349556 0.122634392
              0.060751667 0.071338783 0.122634392 0.061405045 0.073377838 0.122634392 0.061916477 0.075457039 0.122634392 0.062283524 0.077566528 0.122634392
              0.062504456 0.079696281 0.122634392 0.000304785 0.077509422 0.127206444 0.000676744 0.075371735 0.127206444 0.001857132 0.071198395 0.127206444
              0.002659956 0.069182564 0.127206444 0.004671833 0.065340378 0.127206444 0.005871333 0.063532261 0.127206444 0.007192489 0.061811024 0.127206444
              0.011348978 0.057652561 0.127272469 0.011353344 0.057653137 0.127282799 0.010186523 0.058674911 0.127282738 0.01156042 0.057680305 0.127510399
              0.011599602 0.057685429 0.127533005 0.010309516 0.058808567 0.127532738 0.011764644 0.057706936 0.127597649 0.011788988 0.057710098 0.127603813
              0.010403899 0.058911133 0.127603752 0.01045556 0.058967274 0.127622086 0.011877071 0.057721531 0.127620102 0.011893004 0.057723598 0.127622086
              0.011995761 0.057736443 0.12762822 0.010354815 0.058857796 0.12757373 0.011649548 0.057691948 0.127557281 0.011690464 0.057697281 0.127573906
              0.011750573 0.057705109 0.127593727 0.010269116 0.058764668 0.127481789 0.010234613 0.058727173 0.127422127 0.011449572 0.057665783 0.127422455
              0.011470804 0.057668568 0.127442894 0.011518482 0.057674816 0.127481979 0.011535076 0.057676991 0.127493813 0.010206854 0.058697006 0.127355232
              0.011364866 0.057654652 0.127306953 0.011386951 0.057657558 0.127344925 0.011412824 0.057660961 0.127380905 0.01017412 0.058661434 0.127206444
              0.011320921 0.057648872 0.127149475 0.011327855 0.057649784 0.127202827 0.011336688 0.057650948 0.12723777 0.008629023 0.060184845 0.127206444
              0.008642323 0.060197433 0.127282738 0.008664127 0.060218079 0.127355232 0.008693898 0.060246258 0.127422127 0.008730904 0.060281292 0.127481789
              0.008774228 0.060322308 0.127532738 0.00882281 0.060368298 0.12757373 0.00887545 0.060418129 0.127603752 0.008930853 0.060470577 0.127622086
              0.007513275 0.062075298 0.127622086 0.007454393 0.062026787 0.127603752 0.007398447 0.061980698 0.12757373 0.007346815 0.061938164 0.127532738
              0.007300766 0.061900227 0.127481789 0.007261438 0.061867828 0.127422127 0.007229797 0.061841759 0.127355232 0.007206625 0.06182267 0.127282738
              0.006209558 0.063773819 0.127622086 0.006147474 0.063729477 0.127603752 0.006088486 0.063687351 0.12757373 0.006034048 0.063648468 0.127532738
              0.005985498 0.063613796 0.127481789 0.005944032 0.063584179 0.127422127 0.005910672 0.063560356 0.127355232 0.005886238 0.063542904 0.127282738
              0.004687434 0.065349968 0.127282738 0.004713012 0.0653657 0.127355232 0.004747933 0.065387169 0.127422127 0.00479134 0.065413857 0.127481789
              0.004842162 0.065445107 0.127532738 0.004899148 0.065480148 0.12757373 0.004960896 0.065518112 0.127603752 0.005025886 0.065558075 0.127622086
              0.003599677 0.067226799 0.127206444 0.003615903 0.067235298 0.127282738 0.003642501 0.067249222 0.127355232 0.003678819 0.067268234 0.127422127
              0.00372396 0.067291878 0.127481789 0.003776813 0.06731955 0.127532738 0.003836077 0.067350586 0.12757373 0.003900293 0.067384209 0.127603752
              0.003967879 0.067419601 0.127622086 0.00304056 0.069349556 0.127622086 0.002970697 0.069318901 0.127603752 0.002904318 0.06928978 0.12757373
              0.002843058 0.069262901 0.127532738 0.002788424 0.06923893 0.127481789 0.002741763 0.06921846 0.127422127 0.002704224 0.069201988 0.127355232
              0.002676729 0.069189926 0.127282738 0.00224833 0.071338783 0.127622086 0.002176523 0.071313011 0.127603752 0.002108296 0.071288528 0.12757373
              0.002045331 0.07126593 0.127532738 0.001989177 0.071245781 0.127481789 0.001941215 0.071228569 0.127422127 0.001902631 0.071214722 0.127355232
              0.00187437 0.071204582 0.127282738 0.001195014 0.073264717 0.127206444 0.001212638 0.073269699 0.127282738 0.001241529 0.073277878 0.127355232
              0.001280976 0.073289032 0.127422127 0.001330007 0.073302902 0.127481789 0.001387415 0.073319138 0.127532738 0.001451788 0.073337349 0.12757373
              0.001521539 0.073357079 0.127603752 0.001594949 0.073377838 0.127622086 0.001083521 0.075457039 0.127622086 0.001008853 0.075441383 0.127603752
              0.000937911 0.075426506 0.12757373 0.000872437 0.075412773 0.127532738 0.000814047 0.075400528 0.127481789 0.000764178 0.075390068 0.127422127
              0.000724055 0.075381653 0.127355232 0.00069467 0.075375488 0.127282738 0.00071647 0.077566528 0.127622086 0.000640903 0.077556046 0.127603752
              0.000569101 0.077546089 0.12757373 0.00050284 0.077536896 0.127532738 0.000443745 0.077528702 0.127481789 0.000393271 0.077521698 0.127422127
              0.000352666 0.077516068 0.127355232 0.000322927 0.077511948 0.127282738 8.0902e-05 0.079667664 0.127206444 9.9171e-05 0.079668922 0.127282738
              0.000129126 0.07967099 0.127355232 0.000170022 0.079673813 0.127422127 0.000220858 0.079677322 0.127481789 0.000280377 0.079681427 0.127532738
              0.000347115 0.079686035 0.12757373 0.00041943 0.079691025 0.127603752 0.000495542 0.079696281 0.127622086 0.000421781 0.081836189 0.127622086
              0.000345491 0.081836189 0.127603752 0.000273004 0.081836189 0.12757373 0.000206105 0.081836189 0.127532738 0.000146445 0.081836189 0.127481789
              9.549e-05 0.081836189 0.127422127 5.4494e-05 0.081836189 0.127355232 2.4471e-05 0.081836189 0.127282738 6.154e-06 0.081836189 0.127206444
              0.062658226 0.08642173 0.127206444 0.062240379 0.088683899 0.127206444 0.060915756 0.093086761 0.127206444 0.060016045 0.095203957 0.127206444
              0.056427265 0.101084396 0.127206444 0.054955738 0.102852623 0.127206444 0.05164576 0.106043839 0.127206444 0.04982497 0.107449806 0.127206444
              0.04790641 0.108719116 0.127206444 0.04381739 0.110821426 0.127206444 0.041668743 0.111643211 0.127206444 0.03722044 0.112806152 0.127206444
              0.034944519 0.113141098 0.127206444 0.032650219 0.113309021 0.127206444 0.028055479 0.113141098 0.127206444 0.025779556 0.112806152 0.127206444
              0.019182608 0.110821426 0.127206444 0.01709968 0.109844994 0.127206444 0.013175024 0.107449806 0.127206444 0.011354236 0.106043839 0.127206444
              0.006572731 0.101084396 0.127206444 0.0052342 0.099213478 0.127206444 0.002983952 0.095203957 0.127206444 0.00208424 0.093086761 0.127206444
              0.001341473 0.090909538 0.127206444 0.000341773 0.08642173 0.127206444 9.0171e-05 0.084135094 0.127206444 0.041534546 0.111249847 0.127622086
              0.02363928 0.111903854 0.127622086 0.009929409 0.104209503 0.127622086 0.011620101 0.105724373 0.127622086 0.009876458 0.104264427 0.127603752
              0.0115713 0.105783012 0.127603752 0.009826146 0.104316612 0.12757373 0.011524933 0.10583873 0.12757373 0.009779714 0.104364769 0.127532738
              0.01148214 0.105890152 0.127532738 0.009738306 0.104407722 0.127481789 0.011443976 0.105936005 0.127481789 0.00970294 0.104444405 0.127422127
              0.011411382 0.105975174 0.127422127 0.009674486 0.104473915 0.127355232 0.011385158 0.106006683 0.127355232 0.009653646 0.104495529 0.127282738
              0.011365952 0.106029762 0.127282738 0.009640934 0.104508713 0.127206444 0.025855049 0.112397438 0.127622086 0.023619984 0.111977669 0.127603752
              0.025841192 0.112472466 0.127603752 0.023601648 0.112047798 0.12757373 0.025828026 0.112543739 0.12757373 0.023584728 0.112112518 0.127532738
              0.025815874 0.112609528 0.127532738 0.023569637 0.112170242 0.127481789 0.025805037 0.112668198 0.127481789 0.023556749 0.112219536 0.127422127
              0.025795782 0.1127183 0.127422127 0.023546381 0.112259201 0.127355232 0.025788336 0.112758614 0.127355232 0.023538786 0.112288246 0.127282738
              0.025782883 0.112788139 0.127282738 0.023534153 0.112305969 0.127206444 0.058601738 0.097046425 0.127622086 0.059639713 0.095027542 0.127622086
              0.05866827 0.097083763 0.127603752 0.059708794 0.095059929 0.127603752 0.05873148 0.09711924 0.12757373 0.059774426 0.095090698 0.12757373
              0.058789818 0.097151978 0.127532738 0.059834999 0.095119087 0.127532738 0.058841846 0.097181175 0.127481789 0.059889019 0.095144417 0.127481789
              0.058886284 0.097206116 0.127422127 0.059935154 0.095166039 0.127422127 0.058922031 0.097226181 0.127355232 0.059972275 0.095183441 0.127355232
              0.058948212 0.097240875 0.127282738 0.059999462 0.095196182 0.127282738 0.058964188 0.09724984 0.127206444 0.000504687 0.084104752 0.127622086
              0.000428602 0.084110321 0.127603752 0.000356309 0.084115608 0.12757373 0.000289589 0.084120499 0.127532738 0.000230089 0.084124847 0.127481789
              0.000179268 0.084128571 0.127422127 0.000138383 0.084131561 0.127355232 0.000108439 0.084133751 0.127282738 0.000752971 0.086361214 0.127622086
              0.000677492 0.086372322 0.127603752 0.000605777 0.086382874 0.12757373 0.000539593 0.086392616 0.127532738 0.00048057 0.086401299 0.127481789
              0.000430156 0.086408722 0.127422127 0.000389598 0.086414688 0.127355232 0.000359893 0.08641906 0.127282738 0.000759616 0.088683899 0.127206444
              0.000777494 0.088679916 0.127282738 0.000806801 0.088673386 0.127355232 0.000846814 0.088664474 0.127422127 0.000896551 0.088653397 0.127481789
              0.000954784 0.088640427 0.127532738 0.001020081 0.088625877 0.12757373 0.001090834 0.088610115 0.127603752 0.001165301 0.088593529 0.127622086
              0.00173948 0.090789795 0.127622086 0.001666423 0.090811775 0.127603752 0.00159701 0.090832657 0.12757373 0.001532948 0.090851929 0.127532738
              0.001475817 0.090869118 0.127481789 0.001427023 0.090883797 0.127422127 0.001387766 0.090895607 0.127355232 0.001359014 0.090904259 0.127282738
              0.002472444 0.092938286 0.127622086 0.002401186 0.092965538 0.127603752 0.002333481 0.092991432 0.12757373 0.002270998 0.093015335 0.127532738
              0.002215274 0.093036644 0.127481789 0.002167681 0.093054848 0.127422127 0.002129391 0.093069489 0.127355232 0.002101347 0.093080215 0.127282738
              0.003000537 0.095196182 0.127282738 0.003027722 0.095183441 0.127355232 0.003064841 0.095166039 0.127422127 0.003110979 0.095144417 0.127481789
              0.003164999 0.095119087 0.127532738 0.00322557 0.095090698 0.12757373 0.003291203 0.095059929 0.127603752 0.003360281 0.095027542 0.127622086
              0.00403581 0.09724984 0.127206444 0.004051782 0.097240875 0.127282738 0.004077965 0.097226181 0.127355232 0.004113715 0.097206116 0.127422127
              0.00415815 0.097181175 0.127481789 0.004210178 0.097151978 0.127532738 0.004268516 0.09711924 0.12757373 0.004331727 0.097083763 0.127603752
              0.004398256 0.097046425 0.127622086 0.005580833 0.098984146 0.127622086 0.005517205 0.099026237 0.127603752 0.005456753 0.099066238 0.12757373
              0.005400959 0.099103149 0.127532738 0.005351202 0.09913607 0.127481789 0.005308706 0.099164185 0.127422127 0.005274518 0.099186798 0.127355232
              0.005249476 0.099203369 0.127282738 0.006901698 0.100830376 0.127622086 0.006841315 0.100877007 0.127603752 0.006783942 0.100921303 0.12757373
              0.006730992 0.100962189 0.127532738 0.006683771 0.100998657 0.127481789 0.006643441 0.1010298 0.127422127 0.006610993 0.101054855 0.127355232
              0.006587228 0.101073204 0.127282738 0.00804426 0.102852623 0.127206444 0.008057899 0.102840401 0.127282738 0.008080263 0.102820366 0.127355232
              0.008110793 0.102793007 0.127422127 0.008148745 0.102759003 0.127481789 0.008193178 0.102719193 0.127532738 0.008243 0.102674545 0.12757373
              0.008296987 0.102626175 0.127603752 0.008353807 0.102575264 0.127622086 0.013416861 0.107111786 0.127622086 0.01337247 0.107173828 0.127603752
              0.013330292 0.10723278 0.12757373 0.013291368 0.107287186 0.127532738 0.013256654 0.107335709 0.127481789 0.013227005 0.107377151 0.127422127
              0.013203152 0.107410492 0.127355232 0.013185681 0.107434914 0.127282738 0.015093584 0.108719116 0.127206444 0.015103126 0.108703484 0.127282738
              0.015118767 0.108677849 0.127355232 0.015140123 0.10864286 0.127422127 0.015166668 0.108599365 0.127481789 0.015197746 0.108548439 0.127532738
              0.015232596 0.108491333 0.12757373 0.015270358 0.108429459 0.127603752 0.015310102 0.108364342 0.127622086 0.017289722 0.109475357 0.127622086
              0.017254839 0.109543205 0.127603752 0.017221693 0.109607674 0.12757373 0.017191107 0.109667168 0.127532738 0.017163826 0.109720222 0.127481789
              0.017140528 0.109765541 0.127422127 0.017121784 0.109802002 0.127355232 0.017108055 0.109828705 0.127282738 0.019345161 0.110438904 0.127622086
              0.019315323 0.110509117 0.127603752 0.019286974 0.110575836 0.12757373 0.019260809 0.110637405 0.127532738 0.019237476 0.110692314 0.127481789
              0.019217546 0.110739204 0.127422127 0.019201513 0.110776939 0.127355232 0.01918977 0.110804573 0.127282738 0.021331253 0.111643211 0.127206444
              0.021337168 0.111625877 0.127282738 0.021346861 0.111597466 0.127355232 0.021360098 0.111558662 0.127422127 0.021376551 0.111510437 0.127481789
              0.021395813 0.111453972 0.127532738 0.021417414 0.111390656 0.12757373 0.021440819 0.111322052 0.127603752 0.02146545 0.111249847 0.127622086
              0.028100937 0.112727966 0.127622086 0.028092592 0.112803802 0.127603752 0.028084663 0.112875854 0.12757373 0.028077347 0.112942345 0.127532738
              0.028070822 0.113001648 0.127481789 0.028065248 0.113052299 0.127422127 0.028060766 0.113093048 0.127355232 0.028057482 0.113122894 0.127282738
              0.030349779 0.113309021 0.127206444 0.030350449 0.113290718 0.127282738 0.030351545 0.113260712 0.127355232 0.030353043 0.113219742 0.127422127
              0.030354902 0.113168823 0.127481789 0.030357082 0.1131092 0.127532738 0.030359526 0.113042351 0.12757373 0.030362173 0.11296991 0.127603752
              0.03036496 0.112893669 0.127622086 0.032635036 0.112893669 0.127622086 0.032637825 0.11296991 0.127603752 0.032640472 0.113042351 0.12757373
              0.032642914 0.1131092 0.127532738 0.032645092 0.113168823 0.127481789 0.032646954 0.113219742 0.127422127 0.032648453 0.113260712 0.127355232
              0.032649548 0.113290718 0.127282738 0.034899059 0.112727966 0.127622086 0.034907406 0.112803802 0.127603752 0.034915333 0.112875854 0.12757373
              0.034922649 0.112942345 0.127532738 0.034929173 0.113001648 0.127481789 0.034934746 0.113052299 0.127422127 0.034939232 0.113093048 0.127355232
              0.034942516 0.113122894 0.127282738 0.037217113 0.112788139 0.127282738 0.037211658 0.112758614 0.127355232 0.037204216 0.1127183 0.127422127
              0.037194958 0.112668198 0.127481789 0.037184124 0.112609528 0.127532738 0.03717197 0.112543739 0.12757373 0.037158806 0.112472466 0.127603752
              0.037144947 0.112397438 0.127622086 0.039465843 0.112305969 0.127206444 0.039461208 0.112288246 0.127282738 0.039453617 0.112259201 0.127355232
              0.039443245 0.112219536 0.127422127 0.039430359 0.112170242 0.127481789 0.039415268 0.112112518 0.127532738 0.03939835 0.112047798 0.12757373
              0.039380013 0.111977669 0.127603752 0.039360718 0.111903854 0.127622086 0.041559177 0.111322052 0.127603752 0.041582584 0.111390656 0.12757373
              0.041604183 0.111453972 0.127532738 0.041623447 0.111510437 0.127481789 0.0416399 0.111558662 0.127422127 0.041653133 0.111597466 0.127355232
              0.04166283 0.111625877 0.127282738 0.043654835 0.110438904 0.127622086 0.043684673 0.110509117 0.127603752 0.043713024 0.110575836 0.12757373
              0.043739189 0.110637405 0.127532738 0.04376252 0.110692314 0.127481789 0.043782448 0.110739204 0.127422127 0.043798485 0.110776939 0.127355232
              0.043810226 0.110804573 0.127282738 0.045900318 0.109844994 0.127206444 0.045891941 0.109828705 0.127282738 0.045878212 0.109802002 0.127355232
              0.045859467 0.109765541 0.127422127 0.04583617 0.109720222 0.127481789 0.045808891 0.109667168 0.127532738 0.045778301 0.109607674 0.12757373
              0.045745159 0.109543205 0.127603752 0.045710274 0.109475357 0.127622086 0.047689896 0.108364342 0.127622086 0.047729641 0.108429459 0.127603752
              0.047767399 0.108491333 0.12757373 0.04780225 0.108548439 0.127532738 0.047833328 0.108599365 0.127481789 0.047859875 0.10864286 0.127422127
              0.047881229 0.108677849 0.127355232 0.04789687 0.108703484 0.127282738 0.049583134 0.107111786 0.127622086 0.049627529 0.107173828 0.127603752
              0.049669704 0.10723278 0.12757373 0.04970863 0.107287186 0.127532738 0.049743343 0.107335709 0.127481789 0.049772991 0.107377151 0.127422127
              0.049796844 0.107410492 0.127355232 0.049814316 0.107434914 0.127282738 0.051634045 0.106029762 0.127282738 0.051614838 0.106006683 0.127355232
              0.051588615 0.105975174 0.127422127 0.051556023 0.105936005 0.127481789 0.051517857 0.105890152 0.127532738 0.051475063 0.10583873 0.12757373
              0.051428696 0.105783012 0.127603752 0.051379894 0.105724373 0.127622086 0.053359062 0.104508713 0.127206444 0.053346352 0.104495529 0.127282738
              0.053325508 0.104473915 0.127355232 0.053297058 0.104444405 0.127422127 0.053261688 0.104407722 0.127481789 0.05322028 0.104364769 0.127532738
              0.053173851 0.104316612 0.12757373 0.053123539 0.104264427 0.127603752 0.053070587 0.104209503 0.127622086 0.054646191 0.102575264 0.127622086
              0.054703011 0.102626175 0.127603752 0.054756996 0.102674545 0.12757373 0.05480682 0.102719193 0.127532738 0.054851254 0.102759003 0.127481789
              0.054889202 0.102793007 0.127422127 0.054919735 0.102820366 0.127355232 0.054942097 0.102840401 0.127282738 0.056098297 0.100830376 0.127622086
              0.056158684 0.100877007 0.127603752 0.056216057 0.100921303 0.12757373 0.056269005 0.100962189 0.127532738 0.056316223 0.100998657 0.127481789
              0.056356556 0.1010298 0.127422127 0.056389004 0.101054855 0.127355232 0.056412769 0.101073204 0.127282738 0.057765797 0.099213478 0.127206444
              0.057750519 0.099203369 0.127282738 0.057725479 0.099186798 0.127355232 0.057691288 0.099164185 0.127422127 0.057648792 0.09913607 0.127481789
              0.057599037 0.099103149 0.127532738 0.057543243 0.099066238 0.12757373 0.057482792 0.099026237 0.127603752 0.057419163 0.098984146 0.127622086
              0.060527554 0.092938286 0.127622086 0.060598812 0.092965538 0.127603752 0.060666515 0.092991432 0.12757373 0.060729 0.093015335 0.127532738
              0.060784721 0.093036644 0.127481789 0.060832314 0.093054848 0.127422127 0.060870605 0.093069489 0.127355232 0.060898647 0.093080215 0.127282738
              0.061658524 0.090909538 0.127206444 0.061640984 0.090904259 0.127282738 0.061612232 0.090895607 0.127355232 0.061572975 0.090883797 0.127422127
              0.061524178 0.090869118 0.127481789 0.061467049 0.090851929 0.127532738 0.061402988 0.090832657 0.12757373 0.061333576 0.090811775 0.127603752
              0.061260517 0.090789795 0.127622086 0.061834698 0.088593529 0.127622086 0.061909161 0.088610115 0.127603752 0.061979916 0.088625877 0.12757373
              0.062045212 0.088640427 0.127532738 0.062103443 0.088653397 0.127481789 0.062153179 0.088664474 0.127422127 0.062193195 0.088673386 0.127355232
              0.0622225 0.088679916 0.127282738 0.062247028 0.086361214 0.127622086 0.062322506 0.086372322 0.127603752 0.062394218 0.086382874 0.12757373
              0.062460403 0.086392616 0.127532738 0.062519428 0.086401299 0.127481789 0.062569839 0.086408722 0.127422127 0.062610397 0.086414688 0.127355232
              0.062640102 0.08641906 0.127282738 0.062909828 0.084135094 0.127206444 0.06289156 0.084133751 0.127282738 0.062861614 0.084131561 0.127355232
              0.062820728 0.084128571 0.127422127 0.062769909 0.084124847 0.127481789 0.062710407 0.084120499 0.127532738 0.062643688 0.084115608 0.12757373
              0.062571396 0.084110321 0.127603752 0.062495308 0.084104752 0.127622086 0.062578217 0.081836189 0.127622086 0.062654507 0.081836189 0.127603752
              0.062726994 0.081836189 0.12757373 0.062793892 0.081836189 0.127532738 0.062853554 0.081836189 0.127481789 0.062904507 0.081836189 0.127422127
              0.062945503 0.081836189 0.127355232 0.062975525 0.081836189 0.127282738 0.062993843 0.081836189 0.127206444 0.054370972 0.060184845 0.127206444
              0.057128662 0.063532261 0.127206444 0.058328163 0.065340378 0.127206444 0.061142864 0.071198395 0.127206444 0.061804985 0.073264717 0.127206444
              0.062695213 0.077509422 0.127206444 0.062919094 0.079667664 0.127206444 0.051679077 0.057648872 0.127149475 0.052825874 0.058661434 0.127206444
              0.051672142 0.057649784 0.127202827 0.051663311 0.057650948 0.12723777 0.052813473 0.058674911 0.127282738 0.05165102 0.057652561 0.127272469
              0.052793144 0.058697006 0.127355232 0.051635128 0.057654652 0.127306953 0.051646652 0.057653137 0.127282799 0.052765381 0.058727173 0.127422127
              0.051587173 0.057660961 0.127380905 0.051613045 0.057657558 0.127344925 0.052730877 0.058764668 0.127481789 0.051529194 0.057668568 0.127442894
              0.051550423 0.057665783 0.127422455 0.052690479 0.058808567 0.127532738 0.051439575 0.057680305 0.127510399 0.05146492 0.057676991 0.127493813
              0.05264518 0.058857796 0.12757373 0.051350449 0.057691948 0.127557281 0.051400394 0.057685429 0.127533005 0.05121101 0.057710098 0.127603813
              0.051235355 0.057706936 0.127597649 0.052596096 0.058911133 0.127603752 0.051249424 0.057705109 0.127593727 0.051309532 0.057697281 0.127573906
              0.051122925 0.057721531 0.127620102 0.052544437 0.058967274 0.127622086 0.051106991 0.057723598 0.127622086 0.051004234 0.057736443 0.12762822
              0.05903212 0.067419601 0.127622086 0.05797411 0.065558075 0.127622086 0.059099705 0.067384209 0.127603752 0.058039101 0.065518112 0.127603752
              0.059163918 0.067350586 0.12757373 0.058100849 0.065480148 0.12757373 0.059223183 0.06731955 0.127532738 0.058157837 0.065445107 0.127532738
              0.059276035 0.067291878 0.127481789 0.058208656 0.065413857 0.127481789 0.059321178 0.067268234 0.127422127 0.058252064 0.065387169 0.127422127
              0.059357494 0.067249222 0.127355232 0.058286983 0.0653657 0.127355232 0.059384094 0.067235298 0.127282738 0.058312561 0.065349968 0.127282738
              0.059400322 0.067226799 0.127206444 0.062504456 0.079696281 0.127622086 0.062580566 0.079691025 0.127603752 0.062652882 0.079686035 0.12757373
              0.06271962 0.079681427 0.127532738 0.062779137 0.079677322 0.127481789 0.062829971 0.079673813 0.127422127 0.062870869 0.07967099 0.127355232
              0.062900826 0.079668922 0.127282738 0.062283524 0.077566528 0.127622086 0.062359093 0.077556046 0.127603752 0.062430893 0.077546089 0.12757373
              0.062497154 0.077536896 0.127532738 0.062556252 0.077528702 0.127481789 0.062606724 0.077521698 0.127422127 0.062647331 0.077516068 0.127355232
              0.062677071 0.077511948 0.127282738 0.062323254 0.075371735 0.127206444 0.062305328 0.075375488 0.127282738 0.06227594 0.075381653 0.127355232
              0.062235821 0.075390068 0.127422127 0.062185947 0.075400528 0.127481789 0.06212756 0.075412773 0.127532738 0.062062088 0.075426506 0.12757373
              0.061991142 0.075441383 0.127603752 0.061916477 0.075457039 0.127622086 0.061405045 0.073377838 0.127622086 0.061478458 0.073357079 0.127603752
              0.06154821 0.073337349 0.12757373 0.061612579 0.073319138 0.127532738 0.061669987 0.073302902 0.127481789 0.061719021 0.073289032 0.127422127
              0.061758469 0.073277878 0.127355232 0.061787361 0.073269699 0.127282738 0.060751667 0.071338783 0.127622086 0.060823475 0.071313011 0.127603752
              0.060891701 0.071288528 0.12757373 0.060954666 0.07126593 0.127532738 0.061010822 0.071245781 0.127481789 0.061058781 0.071228569 0.127422127
              0.061097366 0.071214722 0.127355232 0.061125626 0.071204582 0.127282738 0.060340042 0.069182564 0.127206444 0.060323269 0.069189926 0.127282738
              0.060295773 0.069201988 0.127355232 0.060258232 0.06921846 0.127422127 0.060211571 0.06923893 0.127481789 0.060156937 0.069262901 0.127532738
              0.060095676 0.06928978 0.12757373 0.060029297 0.069318901 0.127603752 0.059959435 0.069349556 0.127622086 0.05679044 0.063773819 0.127622086
              0.05685252 0.063729477 0.127603752 0.05691151 0.063687351 0.12757373 0.05696595 0.063648468 0.127532738 0.0570145 0.063613796 0.127481789
              0.057055962 0.063584179 0.127422127 0.057089325 0.063560356 0.127355232 0.057113758 0.063542904 0.127282738 0.05580751 0.061811024 0.127206444
              0.055793373 0.06182267 0.127282738 0.055770199 0.061841759 0.127355232 0.055738556 0.061867828 0.127422127 0.05569923 0.061900227 0.127481789
              0.055653183 0.061938164 0.127532738 0.055601551 0.061980698 0.12757373 0.055545605 0.062026787 0.127603752 0.055486721 0.062075298 0.127622086
              0.054069141 0.060470577 0.127622086 0.054124546 0.060418129 0.127603752 0.054177189 0.060368298 0.12757373 0.054225765 0.060322308 0.127532738
              0.054269093 0.060281292 0.127481789 0.054306099 0.060246258 0.127422127 0.054335869 0.060218079 0.127355232 0.054357674 0.060197433 0.127282738
              0.011882708 0.057709991 0.127619278 0.011807418 0.057587791 0.127590523 0.011730675 0.057527744 0.127551331 0.011645565 0.057460442 0.12748468
              0.011494685 0.057337559 0.127128227 0.011478858 0.057408714 0.127128227 0.011495091 0.057337902 0.12714827 0.011373244 0.057598236 0.12714827
              0.011379134 0.057599361 0.127198654 0.011386661 0.057600811 0.127231819 0.011397182 0.057602856 0.127264961 0.011499716 0.057341778 0.127198654
              0.011505635 0.057346722 0.127231819 0.011513927 0.057353622 0.127264961 0.011524732 0.057362579 0.127298149 0.011557898 0.057389816 0.127370461
              0.011539907 0.057375084 0.12733506 0.011452712 0.057613972 0.127370461 0.011430044 0.057609375 0.12733506 0.011410872 0.057605549 0.127298149
              0.011452854 0.05747681 0.127128227 0.011479247 0.057408978 0.127147522 0.011483697 0.057411961 0.127196121 0.011489413 0.057415783 0.127228203
              0.011497449 0.057421139 0.127260399 0.011507984 0.057428123 0.127292809 0.011522876 0.057437935 0.127329079 0.011540671 0.057449574 0.127364128
              0.011581786 0.057476177 0.127426254 0.011417225 0.057540401 0.127128227 0.011453258 0.057477005 0.12714727 0.011457871 0.057479202 0.127195251
              0.011463802 0.057482033 0.127226982 0.011472147 0.057486012 0.127258865 0.011483095 0.057491226 0.127291008 0.011498592 0.057498615 0.127327072
              0.011517139 0.057507446 0.127362015 0.011560075 0.057527889 0.127424149 0.011609578 0.057551449 0.127477318 0.011372728 0.057598137 0.127128227
              0.011417672 0.057540539 0.127147522 0.011422773 0.057542103 0.127196121 0.011429319 0.057544128 0.127228203 0.011438506 0.057546978 0.127260399
              0.011450523 0.057550735 0.127292809 0.011467472 0.057556087 0.127329079 0.011487664 0.057562534 0.127364128 0.011534114 0.057577602 0.127426254
              0.011587266 0.057595177 0.127479164 0.011608638 0.057602325 0.127496796 0.011504231 0.057624695 0.127432526 0.011562351 0.057637161 0.12748468
              0.011585521 0.05764222 0.127501923 0.011667926 0.057660564 0.127551331 0.011796873 0.057611645 0.127588585 0.011808174 0.057618668 0.12759304
              0.011797784 0.057641033 0.127592461 0.011664197 0.057475262 0.127501923 0.01171678 0.057561684 0.127547752 0.011785885 0.057635368 0.127587944
              0.011787047 0.057663235 0.12759304 0.011648147 0.057518486 0.127496796 0.011701634 0.057595257 0.127546562 0.011774486 0.057658897 0.127588585
              0.011775992 0.057685223 0.127594772 0.011598976 0.057423122 0.127432526 0.011629075 0.057506393 0.127479164 0.011629572 0.057560963 0.127495094
              0.011685321 0.057628277 0.127547752 0.011762705 0.057682163 0.127590523 0.011893851 0.057686806 0.127618629 0.011888303 0.057698414 0.12761879
              0.011904802 0.057663528 0.127619278 0.011818192 0.057596188 0.127594772 0.011899352 0.057675175 0.12761879 0.011372728 0.057598137 0.123128235
              0.011417225 0.057540401 0.123128235 0.011452854 0.05747681 0.123128235 0.011478858 0.057408714 0.123128235 0.011494685 0.057337559 0.123128235
              0.011904802 0.057663528 0.122637184 0.011882708 0.057709991 0.122637184 0.011762705 0.057682163 0.122665947 0.011667926 0.057660564 0.122705132
              0.011504231 0.057624695 0.122823936 0.011373244 0.057598236 0.1231082 0.011495091 0.057337902 0.1231082 0.011499716 0.057341778 0.123057816
              0.011505635 0.057346722 0.123024643 0.011513927 0.057353622 0.122991501 0.011379134 0.057599361 0.123057816 0.011386661 0.057600811 0.123024643
              0.011397182 0.057602856 0.122991501 0.011410872 0.057605549 0.122958313 0.011539907 0.057375084 0.12292141 0.011524732 0.057362579 0.122958313
              0.011430044 0.057609375 0.12292141 0.011452712 0.057613972 0.122885994 0.011557898 0.057389816 0.122885994 0.011417672 0.057540539 0.12310894
              0.011422773 0.057542103 0.123060356 0.011429319 0.057544128 0.123028267 0.011438506 0.057546978 0.122996071 0.011450523 0.057550735 0.122963661
              0.011467472 0.057556087 0.122927391 0.011487664 0.057562534 0.122892334 0.011534114 0.057577602 0.122830215 0.011453258 0.057477005 0.123109192
              0.011457871 0.057479202 0.123061203 0.011463802 0.057482033 0.12302948 0.011472147 0.057486012 0.122997597 0.011483095 0.057491226 0.122965446
              0.011498592 0.057498615 0.122929398 0.011517139 0.057507446 0.122894455 0.011560075 0.057527889 0.122832314 0.011609578 0.057551449 0.122779144
              0.011479247 0.057408978 0.12310894 0.011483697 0.057411961 0.123060356 0.011489413 0.057415783 0.123028267 0.011497449 0.057421139 0.122996071
              0.011507984 0.057428123 0.122963661 0.011522876 0.057437935 0.122927391 0.011540671 0.057449574 0.122892334 0.011581786 0.057476177 0.122830215
              0.011629075 0.057506393 0.122777306 0.011648147 0.057518486 0.122759659 0.011598976 0.057423122 0.122823936 0.011645565 0.057460442 0.12277179
              0.011664197 0.057475262 0.122754547 0.011730675 0.057527744 0.122705132 0.011774486 0.057658897 0.122667877 0.011787047 0.057663235 0.122663422
              0.011797784 0.057641033 0.122664001 0.011585521 0.05764222 0.122754547 0.011685321 0.057628277 0.12270871 0.011785885 0.057635368 0.122668518
              0.011808174 0.057618668 0.122663422 0.011562351 0.057637161 0.12277179 0.011608638 0.057602325 0.122759659 0.011701634 0.057595257 0.1227099
              0.011796873 0.057611645 0.122667877 0.011818192 0.057596188 0.122661697 0.011587266 0.057595177 0.122777306 0.011629572 0.057560963 0.122761375
              0.01171678 0.057561684 0.12270871 0.011807418 0.057587791 0.122665947 0.011893851 0.057686806 0.122637833 0.011899352 0.057675175 0.122637665
              0.011775992 0.057685223 0.122661697 0.011888303 0.057698414 0.122637665 0.051095196 0.057663528 0.127619278 0.051117287 0.057709991 0.127619278
              0.051237293 0.057682163 0.127590523 0.051332069 0.057660564 0.127551331 0.051495766 0.057624695 0.127432526 0.051627266 0.057598137 0.127128227
              0.051582771 0.057540401 0.127128227 0.051626751 0.057598236 0.12714827 0.051504906 0.057337902 0.12714827 0.051500278 0.057341778 0.127198654
              0.051494362 0.057346722 0.127231819 0.051486073 0.057353622 0.127264961 0.051620865 0.057599361 0.127198654 0.051613335 0.057600811 0.127231819
              0.051602814 0.057602856 0.127264961 0.051589127 0.057605549 0.127298149 0.051460091 0.057375084 0.12733506 0.051475266 0.057362579 0.127298149
              0.05156995 0.057609375 0.12733506 0.051547287 0.057613972 0.127370461 0.051442101 0.057389816 0.127370461 0.051547142 0.05747681 0.127128227
              0.051582325 0.057540539 0.127147522 0.051577221 0.057542103 0.127196121 0.051570679 0.057544128 0.127228203 0.051561489 0.057546978 0.127260399
              0.051549473 0.057550735 0.127292809 0.051532524 0.057556087 0.127329079 0.051512329 0.057562534 0.127364128 0.051465881 0.057577602 0.127426254
              0.051521141 0.057408714 0.127128227 0.051546738 0.057477005 0.12714727 0.051542122 0.057479202 0.127195251 0.051536194 0.057482033 0.127226982
              0.051527851 0.057486012 0.127258865 0.051516903 0.057491226 0.127291008 0.051501404 0.057498615 0.127327072 0.051482857 0.057507446 0.127362015
              0.051439922 0.057527889 0.127424149 0.051390415 0.057551449 0.127477318 0.051505314 0.057337559 0.127128227 0.051520748 0.057408978 0.127147522
              0.051516296 0.057411961 0.127196121 0.051510582 0.057415783 0.127228203 0.051502544 0.057421139 0.127260399 0.051492012 0.057428123 0.127292809
              0.051477119 0.057437935 0.127329079 0.051459324 0.057449574 0.127364128 0.051418209 0.057476177 0.127426254 0.051370922 0.057506393 0.127479164
              0.051351852 0.057518486 0.127496796 0.05140102 0.057423122 0.127432526 0.051354431 0.057460442 0.12748468 0.0513358 0.057475262 0.127501923
              0.051269321 0.057527744 0.127551331 0.05122551 0.057658897 0.127588585 0.051212948 0.057663235 0.12759304 0.051202213 0.057641033 0.127592461
              0.051414478 0.05764222 0.127501923 0.051314674 0.057628277 0.127547752 0.051214111 0.057635368 0.127587944 0.051191822 0.057618668 0.12759304
              0.051437645 0.057637161 0.12748468 0.051391361 0.057602325 0.127496796 0.051298363 0.057595257 0.127546562 0.051203125 0.057611645 0.127588585
              0.051181805 0.057596188 0.127594772 0.051412731 0.057595177 0.127479164 0.051370422 0.057560963 0.127495094 0.051283215 0.057561684 0.127547752
              0.051192581 0.057587791 0.127590523 0.051106144 0.057686806 0.127618629 0.051100643 0.057675175 0.12761879 0.051224003 0.057685223 0.127594772
              0.051111694 0.057698414 0.12761879 0.051505314 0.057337559 0.123128235 0.051521141 0.057408714 0.123128235 0.051547142 0.05747681 0.123128235
              0.051582771 0.057540401 0.123128235 0.051627266 0.057598137 0.123128235 0.051117287 0.057709991 0.122637184 0.051192581 0.057587791 0.122665947
              0.051269321 0.057527744 0.122705132 0.051354431 0.057460442 0.12277179 0.051504906 0.057337902 0.1231082 0.051626751 0.057598236 0.1231082
              0.051620865 0.057599361 0.123057816 0.051613335 0.057600811 0.123024643 0.051602814 0.057602856 0.122991501 0.051500278 0.057341778 0.123057816
              0.051494362 0.057346722 0.123024643 0.051486073 0.057353622 0.122991501 0.051475266 0.057362579 0.122958313 0.051442101 0.057389816 0.122885994
              0.051460091 0.057375084 0.12292141 0.051547287 0.057613972 0.122885994 0.05156995 0.057609375 0.12292141 0.051589127 0.057605549 0.122958313
              0.051520748 0.057408978 0.12310894 0.051516296 0.057411961 0.123060356 0.051510582 0.057415783 0.123028267 0.051502544 0.057421139 0.122996071
              0.051492012 0.057428123 0.122963661 0.051477119 0.057437935 0.122927391 0.051459324 0.057449574 0.122892334 0.051418209 0.057476177 0.122830215
              0.051546738 0.057477005 0.123109192 0.051542122 0.057479202 0.123061203 0.051536194 0.057482033 0.12302948 0.051527851 0.057486012 0.122997597
              0.051516903 0.057491226 0.122965446 0.051501404 0.057498615 0.122929398 0.051482857 0.057507446 0.122894455 0.051439922 0.057527889 0.122832314
              0.051390415 0.057551449 0.122779144 0.051582325 0.057540539 0.12310894 0.051577221 0.057542103 0.123060356 0.051570679 0.057544128 0.123028267
              0.051561489 0.057546978 0.122996071 0.051549473 0.057550735 0.122963661 0.051532524 0.057556087 0.122927391 0.051512329 0.057562534 0.122892334
              0.051465881 0.057577602 0.122830215 0.051412731 0.057595177 0.122777306 0.051391361 0.057602325 0.122759659 0.051495766 0.057624695 0.122823936
              0.051437645 0.057637161 0.12277179 0.051414478 0.05764222 0.122754547 0.051332069 0.057660564 0.122705132 0.051203125 0.057611645 0.122667877
              0.051191822 0.057618668 0.122663422 0.051202213 0.057641033 0.122664001 0.0513358 0.057475262 0.122754547 0.051283215 0.057561684 0.12270871
              0.051214111 0.057635368 0.122668518 0.051212948 0.057663235 0.122663422 0.051351852 0.057518486 0.122759659 0.051298363 0.057595257 0.1227099
              0.05122551 0.057658897 0.122667877 0.051224003 0.057685223 0.122661697 0.05140102 0.057423122 0.122823936 0.051370922 0.057506393 0.122777306
              0.051370422 0.057560963 0.122761375 0.051314674 0.057628277 0.12270871 0.051237293 0.057682163 0.122665947 0.051106144 0.057686806 0.122637833
              0.051111694 0.057698414 0.122637665 0.051095196 0.057663528 0.122637184 0.051181805 0.057596188 0.122661697 0.051100643 0.057675175 0.122637665
          </float_array>
          <technique_common>
            <accessor source="#camera_support_colored_geom-positions-array" count="4080" stride="3">
              <param name="X" type="float"/>
              <param name="Y" type="float"/>
              <param name="Z" type="float"/>
            </accessor>
          </technique_common>
        </source>
        <vertices id="camera_support_colored_geom-vertices">
          <input semantic="POSITION" source="#camera_support_colored_geom-positions"/>
        </vertices>
        <triangles material="matref" count="8180">
          <input semantic="VERTEX" source="#camera_support_colored_geom-vertices" offset="0"/>
          <p>
              0 1 2 3 4 5 6 7 8 8 7 9 8 9 10 9 11 10 10 11 12 10 12 13 13 12 14 13 14 15 16 17 18 18 17 19
              14 20 15 15 20 21 15 21 22 22 21 23 22 23 19 6 8 24 24 8 25 24 25 26 26 25 27 26 27 28 29 30 31 31 30 32
              32 33 31 31 33 34 31 34 35 35 36 31 31 36 37 31 37 18 18 37 38 18 38 16 39 40 31 41 42 43 44 45 46 40 47 31
              31 47 48 31 48 49 50 51 29 29 51 52 46 45 31 31 45 53 31 53 39 49 54 31 31 54 55 31 55 29 29 55 56 29 56 50
              57 46 58 58 46 59 57 60 46 46 60 61 46 61 44 41 43 52 52 43 62 52 62 29 42 63 43 43 63 64 43 64 65 66 67 68
              68 69 66 66 69 70 66 70 71 71 70 72 71 72 73 73 72 74 74 75 73 73 75 76 73 76 46 46 76 77 46 77 59 78 79 66
              66 79 80 66 80 67 65 81 43 43 81 82 43 82 78 78 66 43 43 66 83 43 83 84 85 86 83 83 86 87 83 87 84 85 88 86
              86 88 89 86 89 90 91 92 46 46 92 93 46 93 73 94 95 96 96 95 97 96 97 98 98 99 96 96 99 100 96 100 46 46 100 101
              46 101 91 102 103 96 104 105 106 106 105 107 108 109 110 110 109 111 110 111 112 104 113 105 105 113 114 105 114 115 115 114 116 115 116 117
              116 118 117 117 118 119 117 119 120 120 119 121 120 121 122 122 121 123 122 123 124 124 123 125 124 125 126 126 125 127 126 127 128 129 130 96
              96 130 131 96 131 132 132 133 96 96 133 134 96 134 94 103 135 96 96 135 136 96 136 129 137 138 139 139 138 140 139 140 141 141 140 142
              141 142 107 107 142 143 107 143 106 112 144 110 110 144 145 110 145 146 146 147 110 110 147 148 110 148 149 134 150 94 94 150 151 94 151 152
              152 151 137 152 137 153 153 137 139 127 108 128 128 108 110 128 110 154 154 110 155 156 157 110 110 157 158 110 158 155 156 110 159 159 110 160
              159 160 161 162 163 164 164 163 165 164 165 166 167 168 169 170 161 171 171 161 169 171 169 172 172 169 168 166 173 164 164 173 174 164 174 175
              176 177 162 170 178 161 161 178 179 161 179 180 176 162 181 182 183 184 177 185 162 162 185 186 162 186 163 180 187 161 161 187 188 161 188 184
              184 188 189 184 189 182 183 190 184 184 190 191 184 191 192 193 194 195 194 196 195 195 196 197 195 197 198 198 199 195 195 199 200 195 200 162
              162 200 201 162 201 181 192 202 184 184 202 203 184 203 195 195 203 204 195 204 193 205 206 207 207 206 208 209 210 211 212 209 213 213 209 214
              215 216 208 208 216 217 208 217 218 219 220 221 219 221 222 220 223 221 221 223 224 221 224 225 225 226 221 221 226 227 221 227 228 228 229 221
              221 229 230 221 230 231 212 232 209 209 232 233 209 233 208 208 233 234 208 234 215 208 235 236 211 237 209 209 237 238 209 238 214 218 239 208
              208 239 240 208 240 235 222 221 241 241 221 207 241 207 242 231 243 221 221 243 244 221 244 209 209 244 245 209 245 210 236 246 208 208 246 247
              208 247 207 207 247 248 207 248 242 249 250 5 5 250 251 5 251 3 2 1 5 5 1 252 5 252 249 28 27 253 253 27 254 253 254 255
              255 254 256 255 256 257 257 256 258 257 258 2 2 258 259 2 259 0 260 261 5 262 263 31 31 263 264 264 265 31 31 265 266 31 266 267
              19 23 18 18 23 268 18 268 269 260 5 270 271 272 2 2 272 273 2 273 257 269 274 18 18 274 275 18 275 31 31 275 276 31 276 262
              277 278 5 5 278 279 5 279 2 2 279 280 2 280 271 261 281 5 5 281 282 5 282 277 267 270 31 31 270 5 31 5 46 46 5 160
              46 160 96 96 160 110 96 110 102 102 110 149 283 284 4 4 284 285 161 160 169 169 160 286 169 286 287 287 288 169 169 288 289 169 289 290
              290 291 169 169 291 292 169 292 293 294 295 4 4 295 296 4 296 283 5 297 298 299 5 300 300 5 301 302 303 160 285 304 4 4 304 305
              4 305 5 5 305 306 5 306 297 307 308 160 303 309 160 160 309 310 160 310 286 293 311 169 169 311 312 169 312 4 4 312 313 4 313 294
              298 314 5 5 314 315 5 315 301 299 316 5 5 316 317 5 317 160 160 317 318 160 318 307 308 319 160 160 319 320 160 320 302 3 221 4
              4 221 209 4 209 169 169 209 164 169 164 167 167 164 175 321 322 323 324 325 326 327 328 329 329 328 330 330 328 331 330 331 332 331 333 332
              332 333 334 332 334 335 335 334 336 327 329 337 337 329 338 337 338 339 339 338 340 339 340 341 336 342 335 335 342 343 335 343 344 344 343 345
              344 345 346 345 347 346 346 347 348 346 348 349 349 348 350 349 350 351 351 350 352 351 352 353 353 352 354 353 354 325 355 356 357 357 356 358
              357 358 359 359 360 357 357 360 361 357 361 362 325 354 326 326 354 363 326 363 364 362 365 357 357 365 366 357 366 339 339 366 367 339 367 368
              369 370 371 371 370 326 371 326 372 372 326 364 369 373 370 370 373 374 370 374 375 368 376 339 339 376 377 339 377 337 375 378 370 370 378 379
              370 379 355 380 381 321 321 381 382 321 382 383 384 385 322 384 322 386 383 387 321 321 387 388 321 388 322 322 388 389 322 389 386 385 390 322
              322 390 391 322 391 392 392 391 393 392 393 394 395 396 381 394 397 392 392 397 398 392 398 399 400 401 402 396 403 381 381 403 404 381 404 382
              399 405 392 392 405 406 392 406 400 400 406 407 400 407 401 402 408 400 400 408 409 400 409 410 411 412 413 414 415 411 411 415 416 411 416 412
              413 417 411 411 417 418 411 418 381 381 418 419 381 419 395 410 420 400 400 420 421 400 421 411 411 421 422 411 422 414 423 424 425 426 427 428
              428 427 429 423 430 431 432 323 433 433 323 423 433 423 434 434 423 425 435 436 437 437 436 438 437 438 439 440 441 423 423 441 442 423 442 430
              431 443 423 423 443 444 423 444 424 432 445 323 323 445 446 323 446 447 439 448 437 437 448 449 437 449 428 428 449 450 428 450 426 429 451 428
              428 451 452 428 452 453 453 454 428 428 454 455 428 455 440 447 456 323 323 456 457 323 457 458 458 459 323 323 459 460 323 460 461 461 462 437
              437 462 463 437 463 435 440 423 428 428 423 464 428 464 465 466 467 468 468 467 469 468 469 470 470 471 468 468 471 472 468 472 473 474 475 476
              477 478 479 476 475 480 475 481 480 480 481 482 480 482 483 483 482 484 483 484 485 486 487 488 488 487 489 488 489 476 476 489 490 476 490 474
              491 492 468 468 492 493 468 493 494 495 496 468 468 496 497 468 497 466 466 497 498 466 498 499 499 498 500 499 500 501 501 500 502 501 502 503
              503 502 504 503 504 505 505 504 506 505 506 486 486 506 507 486 507 487 484 508 485 485 508 509 485 509 510 510 509 477 510 477 511 511 477 479
              512 513 514 513 515 514 514 515 516 514 516 517 517 518 514 514 518 519 514 519 520 494 521 468 468 521 522 468 522 495 520 523 514 514 523 524
              514 524 525 526 527 514 526 514 528 478 512 479 479 512 514 479 514 529 529 514 527 530 531 532 532 531 533 533 534 532 532 534 535 532 535 514
              514 535 536 514 536 528 537 538 357 539 540 541 539 541 357 357 541 542 357 542 537 538 543 357 357 543 544 357 544 545 546 547 532 548 549 530
              530 549 550 551 552 553 553 554 555 555 554 556 555 556 539 539 556 557 539 557 540 545 558 357 357 558 559 357 559 532 532 559 560 532 560 546
              561 562 563 563 562 564 552 565 553 553 565 566 553 566 554 547 567 532 532 567 568 532 568 569 561 563 550 550 563 570 550 570 530 569 571 532
              532 571 572 532 572 530 530 572 573 530 573 548 564 574 563 563 574 575 563 575 576 577 578 553 553 578 579 553 579 551 576 577 563 563 577 553
              563 553 580 580 553 581 582 583 584 584 583 585 581 586 580 580 586 583 580 583 587 587 583 582 588 589 357 357 589 590 357 590 591 591 592 357
              357 592 593 357 593 539 341 594 339 339 594 595 339 595 357 357 595 596 357 596 588 597 598 370 370 598 599 599 600 370 370 600 601 370 601 326
              326 601 602 326 602 324 603 604 370 370 604 605 370 605 597 597 605 437 604 606 605 605 606 607 605 607 608 608 609 605 605 609 610 605 610 611
              612 613 321 613 614 321 321 614 615 321 615 616 611 617 605 605 617 618 605 618 619 616 620 321 321 620 621 321 621 622 622 623 321 321 623 473
              321 473 380 380 473 472 624 625 473 626 627 370 370 627 628 370 628 603 461 437 323 323 437 605 323 605 321 321 605 619 321 619 612 623 629 473
              473 629 630 473 630 631 632 633 370 473 625 370 370 625 634 370 634 632 633 635 370 370 635 636 370 636 626 631 637 473 473 637 638 473 638 639
              639 640 473 473 640 641 473 641 624 355 357 370 370 357 532 370 532 473 473 532 514 473 514 468 468 514 525 468 525 491 642 643 644 644 643 645
              646 647 648 648 647 649 650 651 652 652 651 653 654 655 656 656 655 657 658 659 660 660 659 661 662 663 664 664 663 665 666 667 668 668 667 669
              204 421 193 193 421 420 193 420 194 194 420 410 194 410 196 196 410 409 196 409 197 197 409 408 197 408 198 198 408 402 198 402 199 199 402 401
              199 401 200 200 401 407 200 407 201 201 407 406 201 406 181 181 406 405 181 405 176 176 405 399 176 399 177 177 399 398 177 398 185 185 398 397
              185 397 186 186 397 394 186 394 163 163 394 393 163 393 165 165 393 391 165 391 166 166 391 390 166 390 173 173 390 385 173 385 174 174 385 384
              174 384 175 175 384 386 175 386 167 167 386 389 167 389 168 168 389 388 168 388 172 172 388 387 172 387 171 171 387 383 171 383 170 170 383 382
              170 382 178 178 382 404 178 404 179 179 404 403 179 403 180 180 403 396 180 396 187 187 396 395 187 395 188 188 395 419 188 419 189 189 419 418
              189 418 182 182 418 417 182 417 183 183 417 413 183 413 190 190 413 412 190 412 191 191 412 416 191 416 192 192 416 415 192 415 202 202 415 414
              202 414 203 203 414 422 203 422 204 204 422 421 210 460 211 211 460 459 211 459 237 237 459 458 237 458 238 238 458 457 238 457 214 214 457 456
              214 456 213 213 456 447 213 447 212 212 447 446 212 446 232 232 446 445 232 445 233 233 445 432 233 432 234 234 432 433 234 433 215 215 433 434
              215 434 216 216 434 425 216 425 217 217 425 424 217 424 218 218 424 444 218 444 239 239 444 443 239 443 240 240 443 431 240 431 235 235 431 430
              235 430 236 236 430 442 236 442 246 246 442 441 246 441 247 247 441 440 247 440 248 248 440 455 248 455 242 242 455 454 242 454 241 241 454 453
              241 453 222 222 453 452 222 452 219 219 452 451 219 451 220 220 451 429 220 429 223 223 429 427 223 427 224 224 427 426 224 426 225 225 426 450
              225 450 226 226 450 449 226 449 227 227 449 448 227 448 228 228 448 439 228 439 229 229 439 438 229 438 230 230 438 436 230 436 231 231 436 435
              231 435 243 243 435 463 243 463 244 244 463 462 244 462 245 245 462 461 245 461 210 210 461 460 670 671 654 654 671 672 654 672 655 673 674 675
              675 676 673 673 676 677 673 677 678 654 679 670 670 679 675 670 675 680 680 675 674 681 682 678 678 682 683 678 683 673 681 684 682 682 684 685
              682 685 686 686 685 687 685 688 687 687 688 689 687 689 690 690 689 691 691 689 692 691 692 693 694 695 693 693 695 696 693 696 691 694 697 695
              695 697 698 695 698 699 698 700 699 699 700 701 699 701 702 702 701 703 703 704 702 702 704 705 702 705 706 706 705 707 705 708 707 707 708 709
              707 709 437 437 709 710 437 710 597 711 712 713 428 465 714 437 428 715 715 428 714 715 714 716 716 714 717 714 718 717 717 718 719 717 719 720
              720 719 721 720 721 722 723 724 725 725 726 723 723 726 727 723 727 721 721 727 728 721 728 722 713 712 729 712 730 729 729 730 731 729 731 724
              724 731 732 724 732 725 659 658 733 733 658 734 734 735 733 733 735 736 733 736 713 713 736 737 713 737 711 663 662 738 663 738 739 739 738 740
              739 740 741 741 740 742 741 742 743 743 742 744 743 744 745 745 744 746 745 746 747 747 746 748 747 748 749 749 748 750 749 750 751 751 750 752
              751 752 753 753 752 754 753 754 755 755 754 465 755 465 464 667 666 756 464 423 757 757 423 323 392 400 758 392 758 322 667 756 759 759 756 760
              759 760 761 761 760 762 761 762 763 763 762 764 763 764 765 765 764 766 765 766 767 767 766 768 767 768 769 769 768 770 769 770 771 771 770 772
              771 772 773 773 772 757 773 757 758 758 757 323 758 323 322 643 642 774 643 774 775 775 774 776 775 776 777 777 776 778 777 778 779 779 778 780
              779 780 781 781 780 782 781 782 783 783 782 784 783 784 785 785 784 786 785 786 787 787 786 788 787 788 789 789 788 790 789 790 791 791 790 400
              791 400 411 792 793 794 795 796 797 798 799 800 801 802 803 804 805 806 807 381 380 380 808 807 807 808 809 807 809 810 810 809 811 809 812 811
              811 812 813 811 813 814 814 813 815 815 816 814 814 816 817 814 817 805 805 817 818 805 818 806 803 802 819 804 806 802 802 806 820 802 820 819
              801 803 799 799 803 821 799 821 800 798 800 796 796 800 822 796 822 797 794 793 823 795 797 793 793 797 824 793 824 823 825 826 794 794 826 827
              794 827 792 828 829 653 653 829 830 653 830 652 825 831 826 826 831 829 826 829 832 832 829 828 833 648 649 834 835 836 836 835 837 836 837 649
              649 837 838 649 838 833 834 836 839 839 836 840 839 840 841 841 840 842 842 840 843 842 843 844 844 843 845 844 845 846 847 848 849 849 848 850
              849 850 845 845 850 851 845 851 846 852 853 854 854 853 847 854 847 855 855 847 849 856 857 852 852 857 858 852 858 853 852 859 856 856 859 411
              856 411 381 860 861 650 650 861 862 650 862 651 863 864 865 865 866 863 863 866 867 863 867 868 650 869 860 860 869 865 860 865 870 870 865 864
              871 872 868 868 872 873 868 873 863 871 874 872 872 874 875 872 875 876 876 875 877 875 878 877 877 878 879 877 879 880 880 879 881 881 879 882
              881 882 883 884 885 883 883 885 886 883 886 881 884 887 885 885 887 888 885 888 889 888 890 889 889 890 891 889 891 892 892 891 893 893 894 892
              892 894 895 892 895 896 896 895 897 895 898 897 897 898 899 897 899 161 161 899 900 161 900 159 901 902 903 161 184 904 905 906 904 904 906 907
              904 907 161 904 908 905 905 908 909 905 909 910 910 909 911 910 911 912 913 914 915 915 916 913 913 916 917 913 917 911 911 917 918 911 918 912
              903 902 919 902 920 919 919 920 921 919 921 914 914 921 922 914 922 915 647 646 923 923 646 924 924 925 923 923 925 926 923 926 903 903 926 927
              903 927 901 928 929 930 931 932 933 934 935 936 937 938 939 940 941 942 943 221 3 3 944 943 943 944 945 943 945 946 946 945 947 945 948 947
              947 948 949 947 949 950 950 949 951 951 952 950 950 952 953 950 953 941 941 953 954 941 954 942 939 938 955 940 942 938 938 942 956 938 956 955
              937 939 935 935 939 957 935 957 936 934 936 932 932 936 958 932 958 933 930 929 959 931 933 929 929 933 960 929 960 959 961 962 930 930 962 963
              930 963 928 964 965 657 657 965 966 657 966 656 961 967 962 962 967 965 962 965 968 968 965 964 644 645 969 644 969 970 970 969 971 970 971 972
              972 971 973 972 973 974 974 973 975 974 975 976 976 975 977 976 977 978 978 977 979 978 979 980 980 979 981 980 981 982 982 981 983 982 983 984
              984 983 985 984 985 986 986 985 184 986 184 195 207 221 987 988 660 661 989 990 991 991 990 992 991 992 661 661 992 993 661 993 988 989 991 994
              994 991 995 994 995 996 996 995 997 997 995 998 997 998 999 999 998 1000 999 1000 1001 1002 1003 1004 1004 1003 1005 1004 1005 1000 1000 1005 1006 1000 1006 1001
              1004 1007 1002 1002 1007 1008 1002 1008 1009 1009 1008 1010 1009 1010 1011 205 207 1012 1012 207 987 1012 987 1010 1010 987 1013 1010 1013 1011 668 669 1014 668 1014 1015
              1015 1014 1016 1015 1016 1017 1017 1016 1018 1017 1018 1019 1019 1018 1020 1019 1020 1021 1021 1020 1022 1021 1022 1023 1023 1022 1024 1023 1024 1025 1025 1024 1026 1025 1026 1027
              1027 1026 1028 1027 1028 1029 1029 1028 1030 1029 1030 1031 1030 195 162 162 164 1030 1030 164 209 1030 209 1031 1031 209 208 1031 208 206 664 665 1032 664 1032 1033
              1033 1032 1034 1033 1034 1035 1035 1034 1036 1035 1036 1037 1037 1036 1038 1037 1038 1039 1039 1038 1040 1039 1040 1041 1041 1040 1042 1041 1042 1043 1043 1042 1044 1043 1044 1045
              1045 1044 1046 1045 1046 1047 1047 1046 1048 1047 1048 1049 1049 1048 206 1049 206 205 702 706 1050 695 699 1051 691 696 1052 687 690 1053 670 680 1054 1055 655 672
              1056 1055 1057 1055 672 1057 1057 672 671 1057 671 1058 658 1059 734 734 1059 1060 734 1060 735 1061 1056 1062 1062 1056 1057 1062 1057 1063 1063 1057 1058 1063 1058 1064
              1065 1061 1066 1066 1061 1062 1066 1062 1067 1067 1062 1063 1067 1063 1068 1068 1063 1064 1068 1064 1069 1070 1065 1071 1071 1065 1066 1071 1066 1072 1072 1066 1067 1072 1067 1073
              1073 1067 1068 1073 1068 1074 1074 1068 1069 1074 1069 1075 1076 1070 1077 1077 1070 1071 1077 1071 1078 1078 1071 1072 1078 1072 1079 1079 1072 1073 1079 1073 1080 1080 1073 1074
              1080 1074 1081 1081 1074 1075 1081 1075 1082 1083 1076 1084 1084 1076 1077 1084 1077 1085 1085 1077 1078 1085 1078 1086 1086 1078 1079 1086 1079 1087 1087 1079 1080 1087 1080 1088
              1088 1080 1081 1088 1081 1089 1089 1081 1082 1089 1082 1090 1091 1083 1092 1092 1083 1084 1092 1084 1093 1093 1084 1085 1093 1085 1094 1094 1085 1086 1094 1086 1095 1095 1086 1087
              1095 1087 1096 1096 1087 1088 1096 1088 1097 1097 1088 1089 1097 1089 1098 1098 1089 1090 1098 1090 1099 735 1060 736 736 1060 1100 736 1100 737 737 1100 1101 737 1101 711
              711 1101 1102 711 1102 712 712 1102 1103 712 1103 730 730 1103 1104 730 1104 731 731 1104 1105 731 1105 732 1106 1091 1107 1107 1091 1092 1107 1092 1108 1108 1092 1093
              1108 1093 1109 1109 1093 1094 1109 1094 1110 1110 1094 1095 1110 1095 1111 1111 1095 1096 1111 1096 1112 1112 1096 1097 1112 1097 1113 1113 1097 1098 1113 1098 1114 1114 1098 1099
              1114 1099 1115 1116 726 1105 1105 726 725 1105 725 732 658 1106 1059 1059 1106 1107 1059 1107 1060 1060 1107 1108 1060 1108 1100 1100 1108 1109 1100 1109 1101 1101 1109 1110
              1101 1110 1102 1102 1110 1111 1102 1111 1103 1103 1111 1112 1103 1112 1104 1104 1112 1113 1104 1113 1105 1105 1113 1114 1105 1114 1116 1116 1114 1115 1116 1115 1117 717 720 1118
              1118 720 1117 1118 1117 1119 1119 1117 1115 1119 1115 1120 1120 1115 1099 1120 1099 1121 1121 1099 1090 1121 1090 1122 1122 1090 1082 1122 1082 1123 1123 1082 1075 1123 1075 1124
              1124 1075 1069 1124 1069 1125 1125 1069 1064 1125 1064 1054 1054 1064 1058 1054 1058 670 670 1058 671 720 722 1117 1117 722 728 1117 728 1116 1116 728 727 1116 727 726
              437 1126 1050 1050 1126 1051 1050 1051 702 702 1051 699 696 695 1052 1052 695 1051 1052 1051 1127 1127 1051 1126 1127 1126 1128 1128 1126 437 690 691 1053 1053 691 1052
              1053 1052 1129 1129 1052 1127 1129 1127 1130 1130 1127 1128 1130 1128 1131 1131 1128 437 686 687 1132 1132 687 1053 1132 1053 1133 1133 1053 1129 1133 1129 1134 1134 1129 1130
              1134 1130 1135 1135 1130 1131 1135 1131 1136 1136 1131 437 682 686 1137 1137 686 1132 1137 1132 1138 1138 1132 1133 1138 1133 1139 1139 1133 1134 1139 1134 1140 1140 1134 1135
              1140 1135 1141 1141 1135 1136 1141 1136 1142 1142 1136 437 683 682 1143 1143 682 1137 1143 1137 1144 1144 1137 1138 1144 1138 1145 1145 1138 1139 1145 1139 1146 1146 1139 1140
              1146 1140 1147 1147 1140 1141 1147 1141 1148 1148 1141 1142 1148 1142 1149 1149 1142 437 680 674 1054 1054 674 1150 1054 1150 1125 1125 1150 1151 1125 1151 1124 1124 1151 1152
              1124 1152 1123 1123 1152 1153 1123 1153 1122 1122 1153 1154 1122 1154 1121 1121 1154 1155 1121 1155 1120 1120 1155 1156 1120 1156 1119 1119 1156 1157 1119 1157 1118 1118 1157 1158
              1118 1158 717 706 707 1050 1050 707 437 437 715 1158 1158 715 716 1158 716 717 674 673 1150 1150 673 1159 1150 1159 1151 1151 1159 1160 1151 1160 1152 1152 1160 1161
              1152 1161 1153 1153 1161 1162 1153 1162 1154 1154 1162 1163 1154 1163 1155 1155 1163 1164 1155 1164 1156 1156 1164 1165 1156 1165 1157 1157 1165 1166 1157 1166 1158 1158 1166 437
              673 683 1159 1159 683 1143 1159 1143 1160 1160 1143 1144 1160 1144 1161 1161 1144 1145 1161 1145 1162 1162 1145 1146 1162 1146 1163 1163 1146 1147 1163 1147 1164 1164 1147 1148
              1164 1148 1165 1165 1148 1149 1165 1149 1166 1166 1149 437 658 660 1106 1106 660 1167 1106 1167 1091 1091 1167 1168 1091 1168 1083 1083 1168 1169 1083 1169 1076 1076 1169 1170
              1076 1170 1070 1070 1170 1171 1070 1171 1065 1065 1171 1172 1065 1172 1061 1061 1172 1173 1061 1173 1056 1056 1173 1174 1056 1174 1055 1055 1174 1175 1055 1175 655 655 1175 657
              1011 1013 1176 1002 1009 1177 1005 1003 1178 1001 1006 1179 992 990 1180 1167 660 988 1168 1167 1181 1167 988 1181 1181 988 993 1181 993 1182 657 1183 964 964 1183 1184
              964 1184 968 1169 1168 1185 1185 1168 1181 1185 1181 1186 1186 1181 1182 1186 1182 1187 1170 1169 1188 1188 1169 1185 1188 1185 1189 1189 1185 1186 1189 1186 1190 1190 1186 1187
              1190 1187 1191 1171 1170 1192 1192 1170 1188 1192 1188 1193 1193 1188 1189 1193 1189 1194 1194 1189 1190 1194 1190 1195 1195 1190 1191 1195 1191 1196 1172 1171 1197 1197 1171 1192
              1197 1192 1198 1198 1192 1193 1198 1193 1199 1199 1193 1194 1199 1194 1200 1200 1194 1195 1200 1195 1201 1201 1195 1196 1201 1196 1202 1173 1172 1203 1203 1172 1197 1203 1197 1204
              1204 1197 1198 1204 1198 1205 1205 1198 1199 1205 1199 1206 1206 1199 1200 1206 1200 1207 1207 1200 1201 1207 1201 1208 1208 1201 1202 1208 1202 1209 1174 1173 1210 1210 1173 1203
              1210 1203 1211 1211 1203 1204 1211 1204 1212 1212 1204 1205 1212 1205 1213 1213 1205 1206 1213 1206 1214 1214 1206 1207 1214 1207 1215 1215 1207 1208 1215 1208 1216 1216 1208 1209
              1216 1209 1217 968 1184 962 962 1184 1218 962 1218 963 963 1218 1219 963 1219 928 928 1219 1220 928 1220 929 929 1220 1221 929 1221 931 931 1221 1222 931 1222 932
              932 1222 1223 932 1223 934 1175 1174 1224 1224 1174 1210 1224 1210 1225 1225 1210 1211 1225 1211 1226 1226 1211 1212 1226 1212 1227 1227 1212 1213 1227 1213 1228 1228 1213 1214
              1228 1214 1229 1229 1214 1215 1229 1215 1230 1230 1215 1216 1230 1216 1231 1231 1216 1217 1231 1217 1232 1233 937 1223 1223 937 935 1223 935 934 657 1175 1183 1183 1175 1224
              1183 1224 1184 1184 1224 1225 1184 1225 1218 1218 1225 1226 1218 1226 1219 1219 1226 1227 1219 1227 1220 1220 1227 1228 1220 1228 1221 1221 1228 1229 1221 1229 1222 1222 1229 1230
              1222 1230 1223 1223 1230 1231 1223 1231 1233 1233 1231 1232 1233 1232 1234 947 950 1235 1235 950 1234 1235 1234 1236 1236 1234 1232 1236 1232 1237 1237 1232 1217 1237 1217 1238
              1238 1217 1209 1238 1209 1239 1239 1209 1202 1239 1202 1240 1240 1202 1196 1240 1196 1241 1241 1196 1191 1241 1191 1242 1242 1191 1187 1242 1187 1180 1180 1187 1182 1180 1182 992
              992 1182 993 950 941 1234 1234 941 940 1234 940 1233 1233 940 938 1233 938 937 221 1243 1176 1176 1243 1177 1176 1177 1011 1011 1177 1009 1003 1002 1178 1178 1002 1177
              1178 1177 1244 1244 1177 1243 1244 1243 1245 1245 1243 221 1006 1005 1179 1179 1005 1178 1179 1178 1246 1246 1178 1244 1246 1244 1247 1247 1244 1245 1247 1245 1248 1248 1245 221
              999 1001 1249 1249 1001 1179 1249 1179 1250 1250 1179 1246 1250 1246 1251 1251 1246 1247 1251 1247 1252 1252 1247 1248 1252 1248 1253 1253 1248 221 997 999 1254 1254 999 1249
              1254 1249 1255 1255 1249 1250 1255 1250 1256 1256 1250 1251 1256 1251 1257 1257 1251 1252 1257 1252 1258 1258 1252 1253 1258 1253 1259 1259 1253 221 996 997 1260 1260 997 1254
              1260 1254 1261 1261 1254 1255 1261 1255 1262 1262 1255 1256 1262 1256 1263 1263 1256 1257 1263 1257 1264 1264 1257 1258 1264 1258 1265 1265 1258 1259 1265 1259 1266 1266 1259 221
              990 989 1180 1180 989 1267 1180 1267 1242 1242 1267 1268 1242 1268 1241 1241 1268 1269 1241 1269 1240 1240 1269 1270 1240 1270 1239 1239 1270 1271 1239 1271 1238 1238 1271 1272
              1238 1272 1237 1237 1272 1273 1237 1273 1236 1236 1273 1274 1236 1274 1235 1235 1274 1275 1235 1275 947 1013 987 1176 1176 987 221 221 943 1275 1275 943 946 1275 946 947
              989 994 1267 1267 994 1276 1267 1276 1268 1268 1276 1277 1268 1277 1269 1269 1277 1278 1269 1278 1270 1270 1278 1279 1270 1279 1271 1271 1279 1280 1271 1280 1272 1272 1280 1281
              1272 1281 1273 1273 1281 1282 1273 1282 1274 1274 1282 1283 1274 1283 1275 1275 1283 221 994 996 1276 1276 996 1260 1276 1260 1277 1277 1260 1261 1277 1261 1278 1278 1261 1262
              1278 1262 1279 1279 1262 1263 1279 1263 1280 1280 1263 1264 1280 1264 1281 1281 1264 1265 1281 1265 1282 1282 1265 1266 1282 1266 1283 1283 1266 221 662 1284 738 738 1284 1285
              738 1285 740 740 1285 1286 740 1286 742 742 1286 1287 742 1287 744 744 1287 1288 744 1288 746 746 1288 1289 746 1289 748 748 1289 1290 748 1290 750 750 1290 1291
              750 1291 752 752 1291 1292 752 1292 754 754 1292 1293 754 1293 465 1294 1295 1296 1296 1295 1297 1296 1297 1298 1298 1297 1299 1298 1299 1300 1300 1299 1301 1300 1301 1302
              1302 1301 1303 1302 1303 1304 1304 1303 1305 1304 1305 1306 1306 1305 1307 1306 1307 1308 1308 1307 1309 1308 1309 1310 1310 1309 1311 1310 1311 1312 1312 1311 1313 1312 1313 465
              1295 1314 1297 1297 1314 1315 1297 1315 1299 1299 1315 1316 1299 1316 1301 1301 1316 1317 1301 1317 1303 1303 1317 1318 1303 1318 1305 1305 1318 1319 1305 1319 1307 1307 1319 1320
              1307 1320 1309 1309 1320 1321 1309 1321 1311 1311 1321 1322 1311 1322 1313 1313 1322 1323 1313 1323 465 1284 1294 1285 1285 1294 1296 1285 1296 1286 1286 1296 1298 1286 1298 1287
              1287 1298 1300 1287 1300 1288 1288 1300 1302 1288 1302 1289 1289 1302 1304 1289 1304 1290 1290 1304 1306 1290 1306 1291 1291 1306 1308 1291 1308 1292 1292 1308 1310 1292 1310 1293
              1293 1310 1312 1293 1312 465 1324 1325 1326 1326 1325 1327 1326 1327 1328 1328 1327 1329 1328 1329 1330 1330 1329 1331 1330 1331 1332 1332 1331 1333 1332 1333 1334 1334 1333 1335
              1334 1335 1336 1336 1335 1337 1336 1337 1338 1338 1337 1339 1338 1339 1340 1340 1339 1341 1340 1341 1342 1342 1341 1343 1342 1343 465 1325 1344 1327 1327 1344 1345 1327 1345 1329
              1329 1345 1346 1329 1346 1331 1331 1346 1347 1331 1347 1333 1333 1347 1348 1333 1348 1335 1335 1348 1349 1335 1349 1337 1337 1349 1350 1337 1350 1339 1339 1350 1351 1339 1351 1341
              1341 1351 1352 1341 1352 1343 1343 1352 1353 1343 1353 465 1314 1324 1315 1315 1324 1326 1315 1326 1316 1316 1326 1328 1316 1328 1317 1317 1328 1330 1317 1330 1318 1318 1330 1332
              1318 1332 1319 1319 1332 1334 1319 1334 1320 1320 1334 1336 1320 1336 1321 1321 1336 1338 1321 1338 1322 1322 1338 1340 1322 1340 1323 1323 1340 1342 1323 1342 465 1354 1355 1356
              1356 1355 1357 1356 1357 1358 1358 1357 1359 1358 1359 1360 1360 1359 1361 1360 1361 1362 1362 1361 1363 1362 1363 1364 1364 1363 1365 1364 1365 1366 1366 1365 1367 1366 1367 1368
              1368 1367 1369 1368 1369 1370 1370 1369 1371 1370 1371 1372 1372 1371 1373 1372 1373 465 1355 659 1357 1357 659 733 1357 733 1359 1359 733 713 1359 713 1361 1361 713 729
              1361 729 1363 1363 729 724 1363 724 1365 1365 724 723 1365 723 1367 1367 723 721 1367 721 1369 1369 721 719 1369 719 1371 1371 719 718 1371 718 1373 1373 718 714
              1373 714 465 1344 1354 1345 1345 1354 1356 1345 1356 1346 1346 1356 1358 1346 1358 1347 1347 1358 1360 1347 1360 1348 1348 1360 1362 1348 1362 1349 1349 1362 1364 1349 1364 1350
              1350 1364 1366 1350 1366 1351 1351 1366 1368 1351 1368 1352 1352 1368 1370 1352 1370 1353 1353 1370 1372 1353 1372 465 661 659 1355 661 1355 1374 1374 1355 1354 1374 1354 1375
              1375 1354 1344 1375 1344 1376 1376 1344 1325 1376 1325 1377 1377 1325 1324 1377 1324 1378 1378 1324 1314 1378 1314 1379 1379 1314 1295 1379 1295 1380 1380 1295 1294 1380 1294 1381
              1381 1294 1284 1381 1284 1382 1382 1284 662 1382 662 664 664 1033 1383 1384 1385 1386 205 1012 1387 1386 1385 205 1388 205 1385 1388 1385 1389 1389 1385 1384 1389 1384 1390
              1391 205 1388 1392 1393 1394 1394 1393 1387 1394 1387 1395 1395 1387 1012 1395 1012 1010 1391 1388 1396 1396 1388 1389 1396 1389 1397 1397 1389 1390 1397 1390 1398 1399 205 1391
              1400 1392 1401 1401 1392 1394 1401 1394 1402 1402 1394 1395 1402 1395 1403 1403 1395 1010 1403 1010 1008 1399 1391 1404 1404 1391 1396 1404 1396 1405 1405 1396 1397 1405 1397 1406
              1406 1397 1398 1406 1398 1407 1408 205 1399 1409 1400 1410 1410 1400 1401 1410 1401 1411 1411 1401 1402 1411 1402 1412 1412 1402 1403 1412 1403 1413 1413 1403 1008 1413 1008 1007
              1408 1399 1414 1414 1399 1404 1414 1404 1415 1415 1404 1405 1415 1405 1416 1416 1405 1406 1416 1406 1417 1417 1406 1407 1417 1407 1418 1419 205 1408 1420 1409 1421 1421 1409 1410
              1421 1410 1422 1422 1410 1411 1422 1411 1423 1423 1411 1412 1423 1412 1424 1424 1412 1413 1424 1413 1425 1425 1413 1007 1425 1007 1004 1419 1408 1426 1426 1408 1414 1426 1414 1427
              1427 1414 1415 1427 1415 1428 1428 1415 1416 1428 1416 1429 1429 1416 1417 1429 1417 1430 1430 1417 1418 1430 1418 1431 1049 205 1419 1432 1420 1433 1433 1420 1421 1433 1421 1434
              1434 1421 1422 1434 1422 1435 1435 1422 1423 1435 1423 1436 1436 1423 1424 1436 1424 1437 1437 1424 1425 1437 1425 1438 1438 1425 1004 1438 1004 1000 1049 1419 1047 1047 1419 1426
              1047 1426 1045 1045 1426 1427 1045 1427 1043 1043 1427 1428 1043 1428 1041 1041 1428 1429 1041 1429 1039 1039 1429 1430 1039 1430 1037 1037 1430 1431 1037 1431 1035 1439 1432 1440
              1440 1432 1433 1440 1433 1441 1441 1433 1434 1441 1434 1442 1442 1434 1435 1442 1435 1443 1443 1435 1436 1443 1436 1444 1444 1436 1437 1444 1437 1445 1445 1437 1438 1445 1438 1446
              1446 1438 1000 1446 1000 998 1447 1439 1448 1448 1439 1440 1448 1440 1449 1449 1440 1441 1449 1441 1450 1450 1441 1442 1450 1442 1451 1451 1442 1443 1451 1443 1452 1452 1443 1444
              1452 1444 1453 1453 1444 1445 1453 1445 1454 1454 1445 1446 1454 1446 1455 1455 1446 998 1455 998 995 1033 1447 1383 1383 1447 1448 1383 1448 1456 1456 1448 1449 1456 1449 1457
              1457 1449 1450 1457 1450 1458 1458 1450 1451 1458 1451 1459 1459 1451 1452 1459 1452 1460 1460 1452 1453 1460 1453 1461 1461 1453 1454 1461 1454 1462 1462 1454 1455 1462 1455 1463
              1463 1455 995 1463 995 991 664 1383 1382 1382 1383 1456 1382 1456 1381 1381 1456 1457 1381 1457 1380 1380 1457 1458 1380 1458 1379 1379 1458 1459 1379 1459 1378 1378 1459 1460
              1378 1460 1377 1377 1460 1461 1377 1461 1376 1376 1461 1462 1376 1462 1375 1375 1462 1463 1375 1463 1374 1374 1463 991 1374 991 661 1393 205 1387 1033 1035 1447 1447 1035 1431
              1447 1431 1439 1439 1431 1418 1439 1418 1432 1432 1418 1407 1432 1407 1420 1420 1407 1398 1420 1398 1409 1409 1398 1390 1409 1390 1400 1400 1390 1384 1400 1384 1392 1392 1384 1386
              1392 1386 1393 1393 1386 205 666 1464 756 756 1464 1465 756 1465 760 760 1465 1466 760 1466 762 762 1466 1467 762 1467 764 764 1467 1468 764 1468 766 766 1468 1469
              766 1469 768 768 1469 1470 768 1470 770 770 1470 1471 770 1471 772 772 1471 1472 772 1472 757 757 1472 1473 757 1473 464 1474 1475 1476 1476 1475 1477 1476 1477 1478
              1478 1477 1479 1478 1479 1480 1480 1479 1481 1480 1481 1482 1482 1481 1483 1482 1483 1484 1484 1483 1485 1484 1485 1486 1486 1485 1487 1486 1487 1488 1488 1487 1489 1488 1489 1490
              1490 1489 1491 1490 1491 1492 1492 1491 1493 1492 1493 464 1475 1494 1477 1477 1494 1495 1477 1495 1479 1479 1495 1496 1479 1496 1481 1481 1496 1497 1481 1497 1483 1483 1497 1498
              1483 1498 1485 1485 1498 1499 1485 1499 1487 1487 1499 1500 1487 1500 1489 1489 1500 1501 1489 1501 1491 1491 1501 1502 1491 1502 1493 1493 1502 1503 1493 1503 464 1464 1474 1465
              1465 1474 1476 1465 1476 1466 1466 1476 1478 1466 1478 1467 1467 1478 1480 1467 1480 1468 1468 1480 1482 1468 1482 1469 1469 1482 1484 1469 1484 1470 1470 1484 1486 1470 1486 1471
              1471 1486 1488 1471 1488 1472 1472 1488 1490 1472 1490 1473 1473 1490 1492 1473 1492 464 1504 1505 1506 1506 1505 1507 1506 1507 1508 1508 1507 1509 1508 1509 1510 1510 1509 1511
              1510 1511 1512 1512 1511 1513 1512 1513 1514 1514 1513 1515 1514 1515 1516 1516 1515 1517 1516 1517 1518 1518 1517 1519 1518 1519 1520 1520 1519 1521 1520 1521 1522 1522 1521 1523
              1522 1523 464 1505 1524 1507 1507 1524 1525 1507 1525 1509 1509 1525 1526 1509 1526 1511 1511 1526 1527 1511 1527 1513 1513 1527 1528 1513 1528 1515 1515 1528 1529 1515 1529 1517
              1517 1529 1530 1517 1530 1519 1519 1530 1531 1519 1531 1521 1521 1531 1532 1521 1532 1523 1523 1532 1533 1523 1533 464 1494 1504 1495 1495 1504 1506 1495 1506 1496 1496 1506 1508
              1496 1508 1497 1497 1508 1510 1497 1510 1498 1498 1510 1512 1498 1512 1499 1499 1512 1514 1499 1514 1500 1500 1514 1516 1500 1516 1501 1501 1516 1518 1501 1518 1502 1502 1518 1520
              1502 1520 1503 1503 1520 1522 1503 1522 464 1534 1535 1536 1536 1535 1537 1536 1537 1538 1538 1537 1539 1538 1539 1540 1540 1539 1541 1540 1541 1542 1542 1541 1543 1542 1543 1544
              1544 1543 1545 1544 1545 1546 1546 1545 1547 1546 1547 1548 1548 1547 1549 1548 1549 1550 1550 1549 1551 1550 1551 1552 1552 1551 1553 1552 1553 464 1535 663 1537 1537 663 739
              1537 739 1539 1539 739 741 1539 741 1541 1541 741 743 1541 743 1543 1543 743 745 1543 745 1545 1545 745 747 1545 747 1547 1547 747 749 1547 749 1549 1549 749 751
              1549 751 1551 1551 751 753 1551 753 1553 1553 753 755 1553 755 464 1524 1534 1525 1525 1534 1536 1525 1536 1526 1526 1536 1538 1526 1538 1527 1527 1538 1540 1527 1540 1528
              1528 1540 1542 1528 1542 1529 1529 1542 1544 1529 1544 1530 1530 1544 1546 1530 1546 1531 1531 1546 1548 1531 1548 1532 1532 1548 1550 1532 1550 1533 1533 1550 1552 1533 1552 464
              665 663 1535 665 1535 1554 1554 1535 1534 1554 1534 1555 1555 1534 1524 1555 1524 1556 1556 1524 1505 1556 1505 1557 1557 1505 1504 1557 1504 1558 1558 1504 1494 1558 1494 1559
              1559 1494 1475 1559 1475 1560 1560 1475 1474 1560 1474 1561 1561 1474 1464 1561 1464 1562 1562 1464 666 1562 666 668 668 1015 1563 1564 1565 1566 206 1048 1567 1566 1565 206
              1568 206 1565 1568 1565 1569 1569 1565 1564 1569 1564 1570 1571 206 1568 1572 1573 1574 1574 1573 1567 1574 1567 1575 1575 1567 1048 1575 1048 1046 1571 1568 1576 1576 1568 1569
              1576 1569 1577 1577 1569 1570 1577 1570 1578 1579 206 1571 1580 1572 1581 1581 1572 1574 1581 1574 1582 1582 1574 1575 1582 1575 1583 1583 1575 1046 1583 1046 1044 1579 1571 1584
              1584 1571 1576 1584 1576 1585 1585 1576 1577 1585 1577 1586 1586 1577 1578 1586 1578 1587 1588 206 1579 1589 1580 1590 1590 1580 1581 1590 1581 1591 1591 1581 1582 1591 1582 1592
              1592 1582 1583 1592 1583 1593 1593 1583 1044 1593 1044 1042 1588 1579 1594 1594 1579 1584 1594 1584 1595 1595 1584 1585 1595 1585 1596 1596 1585 1586 1596 1586 1597 1597 1586 1587
              1597 1587 1598 1599 206 1588 1600 1589 1601 1601 1589 1590 1601 1590 1602 1602 1590 1591 1602 1591 1603 1603 1591 1592 1603 1592 1604 1604 1592 1593 1604 1593 1605 1605 1593 1042
              1605 1042 1040 1599 1588 1606 1606 1588 1594 1606 1594 1607 1607 1594 1595 1607 1595 1608 1608 1595 1596 1608 1596 1609 1609 1596 1597 1609 1597 1610 1610 1597 1598 1610 1598 1611
              1031 206 1599 1612 1600 1613 1613 1600 1601 1613 1601 1614 1614 1601 1602 1614 1602 1615 1615 1602 1603 1615 1603 1616 1616 1603 1604 1616 1604 1617 1617 1604 1605 1617 1605 1618
              1618 1605 1040 1618 1040 1038 1031 1599 1029 1029 1599 1606 1029 1606 1027 1027 1606 1607 1027 1607 1025 1025 1607 1608 1025 1608 1023 1023 1608 1609 1023 1609 1021 1021 1609 1610
              1021 1610 1019 1019 1610 1611 1019 1611 1017 1619 1612 1620 1620 1612 1613 1620 1613 1621 1621 1613 1614 1621 1614 1622 1622 1614 1615 1622 1615 1623 1623 1615 1616 1623 1616 1624
              1624 1616 1617 1624 1617 1625 1625 1617 1618 1625 1618 1626 1626 1618 1038 1626 1038 1036 1627 1619 1628 1628 1619 1620 1628 1620 1629 1629 1620 1621 1629 1621 1630 1630 1621 1622
              1630 1622 1631 1631 1622 1623 1631 1623 1632 1632 1623 1624 1632 1624 1633 1633 1624 1625 1633 1625 1634 1634 1625 1626 1634 1626 1635 1635 1626 1036 1635 1036 1034 1015 1627 1563
              1563 1627 1628 1563 1628 1636 1636 1628 1629 1636 1629 1637 1637 1629 1630 1637 1630 1638 1638 1630 1631 1638 1631 1639 1639 1631 1632 1639 1632 1640 1640 1632 1633 1640 1633 1641
              1641 1633 1634 1641 1634 1642 1642 1634 1635 1642 1635 1643 1643 1635 1034 1643 1034 1032 668 1563 1562 1562 1563 1636 1562 1636 1561 1561 1636 1637 1561 1637 1560 1560 1637 1638
              1560 1638 1559 1559 1638 1639 1559 1639 1558 1558 1639 1640 1558 1640 1557 1557 1640 1641 1557 1641 1556 1556 1641 1642 1556 1642 1555 1555 1642 1643 1555 1643 1554 1554 1643 1032
              1554 1032 665 1573 206 1567 1015 1017 1627 1627 1017 1611 1627 1611 1619 1619 1611 1598 1619 1598 1612 1612 1598 1587 1612 1587 1600 1600 1587 1578 1600 1578 1589 1589 1578 1570
              1589 1570 1580 1580 1570 1564 1580 1564 1572 1572 1564 1566 1572 1566 1573 1573 1566 206 642 1644 774 774 1644 1645 774 1645 776 776 1645 1646 776 1646 778 778 1646 1647
              778 1647 780 780 1647 1648 780 1648 782 782 1648 1649 782 1649 784 784 1649 1650 784 1650 786 786 1650 1651 786 1651 788 788 1651 1652 788 1652 790 790 1652 1653
              790 1653 400 1654 1655 1656 1656 1655 1657 1656 1657 1658 1658 1657 1659 1658 1659 1660 1660 1659 1661 1660 1661 1662 1662 1661 1663 1662 1663 1664 1664 1663 1665 1664 1665 1666
              1666 1665 1667 1666 1667 1668 1668 1667 1669 1668 1669 1670 1670 1669 1671 1670 1671 1672 1672 1671 1673 1672 1673 400 1655 1674 1657 1657 1674 1675 1657 1675 1659 1659 1675 1676
              1659 1676 1661 1661 1676 1677 1661 1677 1663 1663 1677 1678 1663 1678 1665 1665 1678 1679 1665 1679 1667 1667 1679 1680 1667 1680 1669 1669 1680 1681 1669 1681 1671 1671 1681 1682
              1671 1682 1673 1673 1682 1683 1673 1683 400 1644 1654 1645 1645 1654 1656 1645 1656 1646 1646 1656 1658 1646 1658 1647 1647 1658 1660 1647 1660 1648 1648 1660 1662 1648 1662 1649
              1649 1662 1664 1649 1664 1650 1650 1664 1666 1650 1666 1651 1651 1666 1668 1651 1668 1652 1652 1668 1670 1652 1670 1653 1653 1670 1672 1653 1672 400 1684 1685 1686 1686 1685 1687
              1686 1687 1688 1688 1687 1689 1688 1689 1690 1690 1689 1691 1690 1691 1692 1692 1691 1693 1692 1693 1694 1694 1693 1695 1694 1695 1696 1696 1695 1697 1696 1697 1698 1698 1697 1699
              1698 1699 1700 1700 1699 1701 1700 1701 1702 1702 1701 1703 1702 1703 400 1685 1704 1687 1687 1704 1705 1687 1705 1689 1689 1705 1706 1689 1706 1691 1691 1706 1707 1691 1707 1693
              1693 1707 1708 1693 1708 1695 1695 1708 1709 1695 1709 1697 1697 1709 1710 1697 1710 1699 1699 1710 1711 1699 1711 1701 1701 1711 1712 1701 1712 1703 1703 1712 1713 1703 1713 400
              1674 1684 1675 1675 1684 1686 1675 1686 1676 1676 1686 1688 1676 1688 1677 1677 1688 1690 1677 1690 1678 1678 1690 1692 1678 1692 1679 1679 1692 1694 1679 1694 1680 1680 1694 1696
              1680 1696 1681 1681 1696 1698 1681 1698 1682 1682 1698 1700 1682 1700 1683 1683 1700 1702 1683 1702 400 1714 1715 1716 1716 1715 1717 1716 1717 1718 1718 1717 1719 1718 1719 1720
              1720 1719 1721 1720 1721 1722 1722 1721 1723 1722 1723 1724 1724 1723 1725 1724 1725 1726 1726 1725 1727 1726 1727 1728 1728 1727 1729 1728 1729 1730 1730 1729 1731 1730 1731 1732
              1732 1731 1733 1732 1733 400 1715 667 1717 1717 667 759 1717 759 1719 1719 759 761 1719 761 1721 1721 761 763 1721 763 1723 1723 763 765 1723 765 1725 1725 765 767
              1725 767 1727 1727 767 769 1727 769 1729 1729 769 771 1729 771 1731 1731 771 773 1731 773 1733 1733 773 758 1733 758 400 1704 1714 1705 1705 1714 1716 1705 1716 1706
              1706 1716 1718 1706 1718 1707 1707 1718 1720 1707 1720 1708 1708 1720 1722 1708 1722 1709 1709 1722 1724 1709 1724 1710 1710 1724 1726 1710 1726 1711 1711 1726 1728 1711 1728 1712
              1712 1728 1730 1712 1730 1713 1713 1730 1732 1713 1732 400 669 667 1715 669 1715 1734 1734 1715 1714 1734 1714 1735 1735 1714 1704 1735 1704 1736 1736 1704 1685 1736 1685 1737
              1737 1685 1684 1737 1684 1738 1738 1684 1674 1738 1674 1739 1739 1674 1655 1739 1655 1740 1740 1655 1654 1740 1654 1741 1741 1654 1644 1741 1644 1742 1742 1644 642 1742 642 644
              644 970 1743 1744 1745 1746 195 1030 1747 1746 1745 195 1748 195 1745 1748 1745 1749 1749 1745 1744 1749 1744 1750 1751 195 1748 1752 1753 1754 1754 1753 1747 1754 1747 1755
              1755 1747 1030 1755 1030 1028 1751 1748 1756 1756 1748 1749 1756 1749 1757 1757 1749 1750 1757 1750 1758 1759 195 1751 1760 1752 1761 1761 1752 1754 1761 1754 1762 1762 1754 1755
              1762 1755 1763 1763 1755 1028 1763 1028 1026 1759 1751 1764 1764 1751 1756 1764 1756 1765 1765 1756 1757 1765 1757 1766 1766 1757 1758 1766 1758 1767 1768 195 1759 1769 1760 1770
              1770 1760 1761 1770 1761 1771 1771 1761 1762 1771 1762 1772 1772 1762 1763 1772 1763 1773 1773 1763 1026 1773 1026 1024 1768 1759 1774 1774 1759 1764 1774 1764 1775 1775 1764 1765
              1775 1765 1776 1776 1765 1766 1776 1766 1777 1777 1766 1767 1777 1767 1778 1779 195 1768 1780 1769 1781 1781 1769 1770 1781 1770 1782 1782 1770 1771 1782 1771 1783 1783 1771 1772
              1783 1772 1784 1784 1772 1773 1784 1773 1785 1785 1773 1024 1785 1024 1022 1779 1768 1786 1786 1768 1774 1786 1774 1787 1787 1774 1775 1787 1775 1788 1788 1775 1776 1788 1776 1789
              1789 1776 1777 1789 1777 1790 1790 1777 1778 1790 1778 1791 986 195 1779 1792 1780 1793 1793 1780 1781 1793 1781 1794 1794 1781 1782 1794 1782 1795 1795 1782 1783 1795 1783 1796
              1796 1783 1784 1796 1784 1797 1797 1784 1785 1797 1785 1798 1798 1785 1022 1798 1022 1020 986 1779 984 984 1779 1786 984 1786 982 982 1786 1787 982 1787 980 980 1787 1788
              980 1788 978 978 1788 1789 978 1789 976 976 1789 1790 976 1790 974 974 1790 1791 974 1791 972 1799 1792 1800 1800 1792 1793 1800 1793 1801 1801 1793 1794 1801 1794 1802
              1802 1794 1795 1802 1795 1803 1803 1795 1796 1803 1796 1804 1804 1796 1797 1804 1797 1805 1805 1797 1798 1805 1798 1806 1806 1798 1020 1806 1020 1018 1807 1799 1808 1808 1799 1800
              1808 1800 1809 1809 1800 1801 1809 1801 1810 1810 1801 1802 1810 1802 1811 1811 1802 1803 1811 1803 1812 1812 1803 1804 1812 1804 1813 1813 1804 1805 1813 1805 1814 1814 1805 1806
              1814 1806 1815 1815 1806 1018 1815 1018 1016 970 1807 1743 1743 1807 1808 1743 1808 1816 1816 1808 1809 1816 1809 1817 1817 1809 1810 1817 1810 1818 1818 1810 1811 1818 1811 1819
              1819 1811 1812 1819 1812 1820 1820 1812 1813 1820 1813 1821 1821 1813 1814 1821 1814 1822 1822 1814 1815 1822 1815 1823 1823 1815 1016 1823 1016 1014 644 1743 1742 1742 1743 1816
              1742 1816 1741 1741 1816 1817 1741 1817 1740 1740 1817 1818 1740 1818 1739 1739 1818 1819 1739 1819 1738 1738 1819 1820 1738 1820 1737 1737 1820 1821 1737 1821 1736 1736 1821 1822
              1736 1822 1735 1735 1822 1823 1735 1823 1734 1734 1823 1014 1734 1014 669 1753 195 1747 970 972 1807 1807 972 1791 1807 1791 1799 1799 1791 1778 1799 1778 1792 1792 1778 1767
              1792 1767 1780 1780 1767 1758 1780 1758 1769 1769 1758 1750 1769 1750 1760 1760 1750 1744 1760 1744 1752 1752 1744 1746 1752 1746 1753 1753 1746 195 858 857 1824 847 853 1825
              850 848 1826 846 851 1827 837 835 1828 1829 648 833 1830 1829 1831 1829 833 1831 1831 833 838 1831 838 1832 653 1833 828 828 1833 1834 828 1834 832 1835 1830 1836
              1836 1830 1831 1836 1831 1837 1837 1831 1832 1837 1832 1838 1839 1835 1840 1840 1835 1836 1840 1836 1841 1841 1836 1837 1841 1837 1842 1842 1837 1838 1842 1838 1843 1844 1839 1845
              1845 1839 1840 1845 1840 1846 1846 1840 1841 1846 1841 1847 1847 1841 1842 1847 1842 1848 1848 1842 1843 1848 1843 1849 1850 1844 1851 1851 1844 1845 1851 1845 1852 1852 1845 1846
              1852 1846 1853 1853 1846 1847 1853 1847 1854 1854 1847 1848 1854 1848 1855 1855 1848 1849 1855 1849 1856 1857 1850 1858 1858 1850 1851 1858 1851 1859 1859 1851 1852 1859 1852 1860
              1860 1852 1853 1860 1853 1861 1861 1853 1854 1861 1854 1862 1862 1854 1855 1862 1855 1863 1863 1855 1856 1863 1856 1864 1865 1857 1866 1866 1857 1858 1866 1858 1867 1867 1858 1859
              1867 1859 1868 1868 1859 1860 1868 1860 1869 1869 1860 1861 1869 1861 1870 1870 1861 1862 1870 1862 1871 1871 1862 1863 1871 1863 1872 1872 1863 1864 1872 1864 1873 832 1834 826
              826 1834 1874 826 1874 827 827 1874 1875 827 1875 792 792 1875 1876 792 1876 793 793 1876 1877 793 1877 795 795 1877 1878 795 1878 796 796 1878 1879 796 1879 798
              1880 1865 1881 1881 1865 1866 1881 1866 1882 1882 1866 1867 1882 1867 1883 1883 1867 1868 1883 1868 1884 1884 1868 1869 1884 1869 1885 1885 1869 1870 1885 1870 1886 1886 1870 1871
              1886 1871 1887 1887 1871 1872 1887 1872 1888 1888 1872 1873 1888 1873 1889 1890 801 1879 1879 801 799 1879 799 798 653 1880 1833 1833 1880 1881 1833 1881 1834 1834 1881 1882
              1834 1882 1874 1874 1882 1883 1874 1883 1875 1875 1883 1884 1875 1884 1876 1876 1884 1885 1876 1885 1877 1877 1885 1886 1877 1886 1878 1878 1886 1887 1878 1887 1879 1879 1887 1888
              1879 1888 1890 1890 1888 1889 1890 1889 1891 811 814 1892 1892 814 1891 1892 1891 1893 1893 1891 1889 1893 1889 1894 1894 1889 1873 1894 1873 1895 1895 1873 1864 1895 1864 1896
              1896 1864 1856 1896 1856 1897 1897 1856 1849 1897 1849 1898 1898 1849 1843 1898 1843 1899 1899 1843 1838 1899 1838 1828 1828 1838 1832 1828 1832 837 837 1832 838 814 805 1891
              1891 805 804 1891 804 1890 1890 804 802 1890 802 801 381 1900 1824 1824 1900 1825 1824 1825 858 858 1825 853 848 847 1826 1826 847 1825 1826 1825 1901 1901 1825 1900
              1901 1900 1902 1902 1900 381 851 850 1827 1827 850 1826 1827 1826 1903 1903 1826 1901 1903 1901 1904 1904 1901 1902 1904 1902 1905 1905 1902 381 844 846 1906 1906 846 1827
              1906 1827 1907 1907 1827 1903 1907 1903 1908 1908 1903 1904 1908 1904 1909 1909 1904 1905 1909 1905 1910 1910 1905 381 842 844 1911 1911 844 1906 1911 1906 1912 1912 1906 1907
              1912 1907 1913 1913 1907 1908 1913 1908 1914 1914 1908 1909 1914 1909 1915 1915 1909 1910 1915 1910 1916 1916 1910 381 841 842 1917 1917 842 1911 1917 1911 1918 1918 1911 1912
              1918 1912 1919 1919 1912 1913 1919 1913 1920 1920 1913 1914 1920 1914 1921 1921 1914 1915 1921 1915 1922 1922 1915 1916 1922 1916 1923 1923 1916 381 835 834 1828 1828 834 1924
              1828 1924 1899 1899 1924 1925 1899 1925 1898 1898 1925 1926 1898 1926 1897 1897 1926 1927 1897 1927 1896 1896 1927 1928 1896 1928 1895 1895 1928 1929 1895 1929 1894 1894 1929 1930
              1894 1930 1893 1893 1930 1931 1893 1931 1892 1892 1931 1932 1892 1932 811 857 856 1824 1824 856 381 381 807 1932 1932 807 810 1932 810 811 834 839 1924 1924 839 1933
              1924 1933 1925 1925 1933 1934 1925 1934 1926 1926 1934 1935 1926 1935 1927 1927 1935 1936 1927 1936 1928 1928 1936 1937 1928 1937 1929 1929 1937 1938 1929 1938 1930 1930 1938 1939
              1930 1939 1931 1931 1939 1940 1931 1940 1932 1932 1940 381 839 841 1933 1933 841 1917 1933 1917 1934 1934 1917 1918 1934 1918 1935 1935 1918 1919 1935 1919 1936 1936 1919 1920
              1936 1920 1937 1937 1920 1921 1937 1921 1938 1938 1921 1922 1938 1922 1939 1939 1922 1923 1939 1923 1940 1940 1923 381 653 651 1880 1880 651 1941 1880 1941 1865 1865 1941 1942
              1865 1942 1857 1857 1942 1943 1857 1943 1850 1850 1943 1944 1850 1944 1844 1844 1944 1945 1844 1945 1839 1839 1945 1946 1839 1946 1835 1835 1946 1947 1835 1947 1830 1830 1947 1948
              1830 1948 1829 1829 1948 1949 1829 1949 648 648 1949 646 892 896 1950 885 889 1951 881 886 1952 877 880 1953 860 870 1954 1941 651 862 1942 1941 1955 1941 862 1955
              1955 862 861 1955 861 1956 646 1957 924 924 1957 1958 924 1958 925 1943 1942 1959 1959 1942 1955 1959 1955 1960 1960 1955 1956 1960 1956 1961 1944 1943 1962 1962 1943 1959
              1962 1959 1963 1963 1959 1960 1963 1960 1964 1964 1960 1961 1964 1961 1965 1945 1944 1966 1966 1944 1962 1966 1962 1967 1967 1962 1963 1967 1963 1968 1968 1963 1964 1968 1964 1969
              1969 1964 1965 1969 1965 1970 1946 1945 1971 1971 1945 1966 1971 1966 1972 1972 1966 1967 1972 1967 1973 1973 1967 1968 1973 1968 1974 1974 1968 1969 1974 1969 1975 1975 1969 1970
              1975 1970 1976 1947 1946 1977 1977 1946 1971 1977 1971 1978 1978 1971 1972 1978 1972 1979 1979 1972 1973 1979 1973 1980 1980 1973 1974 1980 1974 1981 1981 1974 1975 1981 1975 1982
              1982 1975 1976 1982 1976 1983 1948 1947 1984 1984 1947 1977 1984 1977 1985 1985 1977 1978 1985 1978 1986 1986 1978 1979 1986 1979 1987 1987 1979 1980 1987 1980 1988 1988 1980 1981
              1988 1981 1989 1989 1981 1982 1989 1982 1990 1990 1982 1983 1990 1983 1991 925 1958 926 926 1958 1992 926 1992 927 927 1992 1993 927 1993 901 901 1993 1994 901 1994 902
              902 1994 1995 902 1995 920 920 1995 1996 920 1996 921 921 1996 1997 921 1997 922 1949 1948 1998 1998 1948 1984 1998 1984 1999 1999 1984 1985 1999 1985 2000 2000 1985 1986
              2000 1986 2001 2001 1986 1987 2001 1987 2002 2002 1987 1988 2002 1988 2003 2003 1988 1989 2003 1989 2004 2004 1989 1990 2004 1990 2005 2005 1990 1991 2005 1991 2006 2007 916 1997
              1997 916 915 1997 915 922 646 1949 1957 1957 1949 1998 1957 1998 1958 1958 1998 1999 1958 1999 1992 1992 1999 2000 1992 2000 1993 1993 2000 2001 1993 2001 1994 1994 2001 2002
              1994 2002 1995 1995 2002 2003 1995 2003 1996 1996 2003 2004 1996 2004 1997 1997 2004 2005 1997 2005 2007 2007 2005 2006 2007 2006 2008 905 910 2009 2009 910 2008 2009 2008 2010
              2010 2008 2006 2010 2006 2011 2011 2006 1991 2011 1991 2012 2012 1991 1983 2012 1983 2013 2013 1983 1976 2013 1976 2014 2014 1976 1970 2014 1970 2015 2015 1970 1965 2015 1965 2016
              2016 1965 1961 2016 1961 1954 1954 1961 1956 1954 1956 860 860 1956 861 910 912 2008 2008 912 918 2008 918 2007 2007 918 917 2007 917 916 161 2017 1950 1950 2017 1951
              1950 1951 892 892 1951 889 886 885 1952 1952 885 1951 1952 1951 2018 2018 1951 2017 2018 2017 2019 2019 2017 161 880 881 1953 1953 881 1952 1953 1952 2020 2020 1952 2018
              2020 2018 2021 2021 2018 2019 2021 2019 2022 2022 2019 161 876 877 2023 2023 877 1953 2023 1953 2024 2024 1953 2020 2024 2020 2025 2025 2020 2021 2025 2021 2026 2026 2021 2022
              2026 2022 2027 2027 2022 161 872 876 2028 2028 876 2023 2028 2023 2029 2029 2023 2024 2029 2024 2030 2030 2024 2025 2030 2025 2031 2031 2025 2026 2031 2026 2032 2032 2026 2027
              2032 2027 2033 2033 2027 161 873 872 2034 2034 872 2028 2034 2028 2035 2035 2028 2029 2035 2029 2036 2036 2029 2030 2036 2030 2037 2037 2030 2031 2037 2031 2038 2038 2031 2032
              2038 2032 2039 2039 2032 2033 2039 2033 2040 2040 2033 161 870 864 1954 1954 864 2041 1954 2041 2016 2016 2041 2042 2016 2042 2015 2015 2042 2043 2015 2043 2014 2014 2043 2044
              2014 2044 2013 2013 2044 2045 2013 2045 2012 2012 2045 2046 2012 2046 2011 2011 2046 2047 2011 2047 2010 2010 2047 2048 2010 2048 2009 2009 2048 2049 2009 2049 905 896 897 1950
              1950 897 161 161 907 2049 2049 907 906 2049 906 905 864 863 2041 2041 863 2050 2041 2050 2042 2042 2050 2051 2042 2051 2043 2043 2051 2052 2043 2052 2044 2044 2052 2053
              2044 2053 2045 2045 2053 2054 2045 2054 2046 2046 2054 2055 2046 2055 2047 2047 2055 2056 2047 2056 2048 2048 2056 2057 2048 2057 2049 2049 2057 161 863 873 2050 2050 873 2034
              2050 2034 2051 2051 2034 2035 2051 2035 2052 2052 2035 2036 2052 2036 2053 2053 2036 2037 2053 2037 2054 2054 2037 2038 2054 2038 2055 2055 2038 2039 2055 2039 2056 2056 2039 2040
              2056 2040 2057 2057 2040 161 649 2058 836 836 2058 2059 836 2059 840 840 2059 2060 840 2060 843 843 2060 2061 843 2061 845 845 2061 2062 845 2062 849 849 2062 2063
              849 2063 855 855 2063 2064 855 2064 854 854 2064 2065 854 2065 852 852 2065 2066 852 2066 859 859 2066 2067 859 2067 411 2068 2069 2070 2070 2069 2071 2070 2071 2072
              2072 2071 2073 2072 2073 2074 2074 2073 2075 2074 2075 2076 2076 2075 2077 2076 2077 2078 2078 2077 2079 2078 2079 2080 2080 2079 2081 2080 2081 2082 2082 2081 2083 2082 2083 2084
              2084 2083 2085 2084 2085 2086 2086 2085 2087 2086 2087 411 2069 2088 2071 2071 2088 2089 2071 2089 2073 2073 2089 2090 2073 2090 2075 2075 2090 2091 2075 2091 2077 2077 2091 2092
              2077 2092 2079 2079 2092 2093 2079 2093 2081 2081 2093 2094 2081 2094 2083 2083 2094 2095 2083 2095 2085 2085 2095 2096 2085 2096 2087 2087 2096 2097 2087 2097 411 2058 2068 2059
              2059 2068 2070 2059 2070 2060 2060 2070 2072 2060 2072 2061 2061 2072 2074 2061 2074 2062 2062 2074 2076 2062 2076 2063 2063 2076 2078 2063 2078 2064 2064 2078 2080 2064 2080 2065
              2065 2080 2082 2065 2082 2066 2066 2082 2084 2066 2084 2067 2067 2084 2086 2067 2086 411 2098 2099 2100 2100 2099 2101 2100 2101 2102 2102 2101 2103 2102 2103 2104 2104 2103 2105
              2104 2105 2106 2106 2105 2107 2106 2107 2108 2108 2107 2109 2108 2109 2110 2110 2109 2111 2110 2111 2112 2112 2111 2113 2112 2113 2114 2114 2113 2115 2114 2115 2116 2116 2115 2117
              2116 2117 411 2099 2118 2101 2101 2118 2119 2101 2119 2103 2103 2119 2120 2103 2120 2105 2105 2120 2121 2105 2121 2107 2107 2121 2122 2107 2122 2109 2109 2122 2123 2109 2123 2111
              2111 2123 2124 2111 2124 2113 2113 2124 2125 2113 2125 2115 2115 2125 2126 2115 2126 2117 2117 2126 2127 2117 2127 411 2088 2098 2089 2089 2098 2100 2089 2100 2090 2090 2100 2102
              2090 2102 2091 2091 2102 2104 2091 2104 2092 2092 2104 2106 2092 2106 2093 2093 2106 2108 2093 2108 2094 2094 2108 2110 2094 2110 2095 2095 2110 2112 2095 2112 2096 2096 2112 2114
              2096 2114 2097 2097 2114 2116 2097 2116 411 2128 2129 2130 2130 2129 2131 2130 2131 2132 2132 2131 2133 2132 2133 2134 2134 2133 2135 2134 2135 2136 2136 2135 2137 2136 2137 2138
              2138 2137 2139 2138 2139 2140 2140 2139 2141 2140 2141 2142 2142 2141 2143 2142 2143 2144 2144 2143 2145 2144 2145 2146 2146 2145 2147 2146 2147 411 2129 643 2131 2131 643 775
              2131 775 2133 2133 775 777 2133 777 2135 2135 777 779 2135 779 2137 2137 779 781 2137 781 2139 2139 781 783 2139 783 2141 2141 783 785 2141 785 2143 2143 785 787
              2143 787 2145 2145 787 789 2145 789 2147 2147 789 791 2147 791 411 2118 2128 2119 2119 2128 2130 2119 2130 2120 2120 2130 2132 2120 2132 2121 2121 2132 2134 2121 2134 2122
              2122 2134 2136 2122 2136 2123 2123 2136 2138 2123 2138 2124 2124 2138 2140 2124 2140 2125 2125 2140 2142 2125 2142 2126 2126 2142 2144 2126 2144 2127 2127 2144 2146 2127 2146 411
              645 643 2129 645 2129 2148 2148 2129 2128 2148 2128 2149 2149 2128 2118 2149 2118 2150 2150 2118 2099 2150 2099 2151 2151 2099 2098 2151 2098 2152 2152 2098 2088 2152 2088 2153
              2153 2088 2069 2153 2069 2154 2154 2069 2068 2154 2068 2155 2155 2068 2058 2155 2058 2156 2156 2058 649 2156 649 647 647 923 2157 2158 2159 2160 184 985 2161 2160 2159 184
              2162 184 2159 2162 2159 2163 2163 2159 2158 2163 2158 2164 2165 184 2162 2166 2167 2168 2168 2167 2161 2168 2161 2169 2169 2161 985 2169 985 983 2165 2162 2170 2170 2162 2163
              2170 2163 2171 2171 2163 2164 2171 2164 2172 2173 184 2165 2174 2166 2175 2175 2166 2168 2175 2168 2176 2176 2168 2169 2176 2169 2177 2177 2169 983 2177 983 981 2173 2165 2178
              2178 2165 2170 2178 2170 2179 2179 2170 2171 2179 2171 2180 2180 2171 2172 2180 2172 2181 2182 184 2173 2183 2174 2184 2184 2174 2175 2184 2175 2185 2185 2175 2176 2185 2176 2186
              2186 2176 2177 2186 2177 2187 2187 2177 981 2187 981 979 2182 2173 2188 2188 2173 2178 2188 2178 2189 2189 2178 2179 2189 2179 2190 2190 2179 2180 2190 2180 2191 2191 2180 2181
              2191 2181 2192 2193 184 2182 2194 2183 2195 2195 2183 2184 2195 2184 2196 2196 2184 2185 2196 2185 2197 2197 2185 2186 2197 2186 2198 2198 2186 2187 2198 2187 2199 2199 2187 979
              2199 979 977 2193 2182 2200 2200 2182 2188 2200 2188 2201 2201 2188 2189 2201 2189 2202 2202 2189 2190 2202 2190 2203 2203 2190 2191 2203 2191 2204 2204 2191 2192 2204 2192 2205
              904 184 2193 2206 2194 2207 2207 2194 2195 2207 2195 2208 2208 2195 2196 2208 2196 2209 2209 2196 2197 2209 2197 2210 2210 2197 2198 2210 2198 2211 2211 2198 2199 2211 2199 2212
              2212 2199 977 2212 977 975 904 2193 908 908 2193 2200 908 2200 909 909 2200 2201 909 2201 911 911 2201 2202 911 2202 913 913 2202 2203 913 2203 914 914 2203 2204
              914 2204 919 919 2204 2205 919 2205 903 2213 2206 2214 2214 2206 2207 2214 2207 2215 2215 2207 2208 2215 2208 2216 2216 2208 2209 2216 2209 2217 2217 2209 2210 2217 2210 2218
              2218 2210 2211 2218 2211 2219 2219 2211 2212 2219 2212 2220 2220 2212 975 2220 975 973 2221 2213 2222 2222 2213 2214 2222 2214 2223 2223 2214 2215 2223 2215 2224 2224 2215 2216
              2224 2216 2225 2225 2216 2217 2225 2217 2226 2226 2217 2218 2226 2218 2227 2227 2218 2219 2227 2219 2228 2228 2219 2220 2228 2220 2229 2229 2220 973 2229 973 971 923 2221 2157
              2157 2221 2222 2157 2222 2230 2230 2222 2223 2230 2223 2231 2231 2223 2224 2231 2224 2232 2232 2224 2225 2232 2225 2233 2233 2225 2226 2233 2226 2234 2234 2226 2227 2234 2227 2235
              2235 2227 2228 2235 2228 2236 2236 2228 2229 2236 2229 2237 2237 2229 971 2237 971 969 647 2157 2156 2156 2157 2230 2156 2230 2155 2155 2230 2231 2155 2231 2154 2154 2231 2232
              2154 2232 2153 2153 2232 2233 2153 2233 2152 2152 2233 2234 2152 2234 2151 2151 2234 2235 2151 2235 2150 2150 2235 2236 2150 2236 2149 2149 2236 2237 2149 2237 2148 2148 2237 969
              2148 969 645 2167 184 2161 923 903 2221 2221 903 2205 2221 2205 2213 2213 2205 2192 2213 2192 2206 2206 2192 2181 2206 2181 2194 2194 2181 2172 2194 2172 2183 2183 2172 2164
              2183 2164 2174 2174 2164 2158 2174 2158 2166 2166 2158 2160 2166 2160 2167 2167 2160 184 2238 2239 2240 2240 2239 2241 2240 2241 2242 2242 2241 2243 2242 2243 2244 2244 2243 2245
              2244 2245 2246 2246 2245 2247 2246 2247 2248 2248 2247 2249 2248 2249 2250 2250 2249 2251 2250 2251 2252 2252 2251 2253 2252 2253 2254 2254 2253 2255 2254 2255 2256 2256 2255 2257
              2256 2257 2258 2258 2257 2259 2258 2259 2260 2260 2259 2261 2260 2261 2262 2262 2261 2263 2262 2263 2264 2264 2263 2265 2264 2265 2266 2266 2265 2267 2266 2267 2268 2268 2267 2269
              2268 2269 2270 2270 2269 2271 2270 2271 2272 2272 2271 2273 2272 2273 2274 2274 2273 2275 2274 2275 2276 2276 2275 2277 2276 2277 2278 2278 2277 2279 2278 2279 2280 2280 2279 2281
              474 113 475 475 113 104 475 104 481 481 104 106 481 106 482 482 106 143 482 143 484 484 143 142 484 142 508 508 142 140 508 140 509 509 140 138
              509 138 477 477 138 137 477 137 478 478 137 151 478 151 512 512 151 150 512 150 513 513 150 134 513 134 515 515 134 133 515 133 516 516 133 132
              516 132 517 517 132 131 517 131 518 518 131 130 518 130 519 519 130 129 519 129 520 520 129 136 520 136 523 523 136 135 523 135 524 524 135 103
              524 103 525 525 103 102 629 286 630 630 286 310 630 310 631 631 310 309 631 309 637 637 309 303 637 303 638 638 303 302 638 302 639 639 302 320
              639 320 640 640 320 319 640 319 641 641 319 308 641 308 624 624 308 307 624 307 625 625 307 318 625 318 634 634 318 317 634 317 632 632 317 316
              632 316 633 633 316 299 633 299 635 635 299 300 635 300 636 636 300 301 636 301 626 626 301 315 626 315 627 627 315 314 627 314 628 628 314 298
              628 298 603 603 298 297 603 297 604 604 297 306 548 75 549 549 75 74 549 74 550 550 74 72 550 72 561 561 72 70 561 70 562 562 70 69
              562 69 564 564 69 68 564 68 574 574 68 67 574 67 575 575 67 80 575 80 576 576 80 79 576 79 577 577 79 78 577 78 578 578 78 82
              578 82 579 579 82 81 579 81 551 551 81 65 551 65 552 552 65 64 552 64 565 565 64 63 565 63 566 566 63 42 566 42 554 554 42 41
              554 41 556 556 41 52 556 52 557 557 52 51 557 51 540 540 51 50 356 270 358 358 270 267 358 267 359 359 267 266 359 266 360 360 266 265
              360 265 361 361 265 264 361 264 362 362 264 263 362 263 365 365 263 262 365 262 366 366 262 276 366 276 367 367 276 275 367 275 368 368 275 274
              368 274 376 376 274 269 376 269 377 377 269 268 377 268 337 337 268 23 337 23 327 327 23 21 327 21 328 328 21 20 328 20 331 331 20 14
              331 14 333 333 14 12 333 12 334 334 12 11 334 11 336 336 11 9 336 9 342 342 9 7 2282 2283 2284 2284 2283 2285 2284 2285 2286 2286 2285 2287
              2286 2287 2288 2288 2287 2289 2288 2289 2290 2290 2289 2291 2290 2291 2292 2292 2291 2293 2292 2293 2294 2294 2293 2295 2294 2295 2296 2296 2295 2297 2296 2297 2298 2298 2297 2299
              2298 2299 2300 2300 2299 2301 2300 2301 2302 2302 2301 2303 2302 2303 2304 2304 2303 2305 2304 2305 2306 2306 2305 2307 2306 2307 2308 2308 2307 2309 2308 2309 2310 2310 2309 2311
              2310 2311 2312 2312 2311 2313 2312 2313 2314 2314 2313 2315 2314 2315 2316 2316 2315 2317 2316 2317 2318 2318 2317 2319 2318 2319 2320 2320 2319 2321 2320 2321 2322 2322 2321 2323
              2322 2323 2324 2324 2323 2325 2324 2325 2326 2326 2325 2327 2326 2327 2328 2328 2327 2329 2328 2329 2330 2330 2329 2331 2330 2331 2332 2332 2331 2333 2332 2333 2334 2334 2333 2335
              2334 2335 2336 2336 2335 2337 2336 2337 2338 2338 2337 2339 2338 2339 2340 2340 2339 2341 2340 2341 2342 2342 2341 2343 2342 2343 2344 2344 2343 2345 2344 2345 2346 2346 2345 2347
              2346 2347 2348 2348 2347 2349 2348 2349 2350 2350 2349 2351 2350 2351 2352 2352 2351 2353 2352 2353 2354 2354 2353 2355 2354 2355 2356 2356 2355 2357 2356 2357 2358 2358 2357 2359
              2358 2359 2360 2360 2359 2361 2360 2361 2362 2362 2361 2363 2362 2363 2364 2364 2363 2365 2364 2365 2366 2366 2365 2367 2366 2367 2368 2368 2367 2369 2368 2369 2370 2370 2369 2371
              2370 2371 2372 2372 2371 2373 2372 2373 2374 2374 2373 2375 2374 2375 2376 2376 2375 2377 2376 2377 2378 2378 2377 2379 2378 2379 2380 2380 2379 2381 2380 2381 2382 2382 2381 2383
              2382 2383 2384 2384 2383 2385 2384 2385 2386 2386 2385 2387 2386 2387 2388 2388 2387 2389 2388 2389 2390 2390 2389 2391 2390 2391 2392 2392 2391 2393 2392 2393 2394 2394 2393 2395
              2394 2395 2396 2396 2395 2397 2396 2397 2398 2398 2397 2399 2398 2399 2400 2400 2399 2401 2400 2401 2402 2402 2401 2403 2402 2403 2404 2404 2403 2405 2404 2405 2406 2406 2405 2407
              2406 2407 2408 2408 2407 2409 2408 2409 2410 2410 2409 2411 2410 2411 2412 2412 2411 2413 2412 2413 2414 2414 2413 2415 2414 2415 2416 2416 2415 2417 2416 2417 2418 2418 2417 2419
              2418 2419 2420 2420 2419 2421 2420 2421 2422 2422 2421 2423 2422 2423 2424 2424 2423 2425 2424 2425 2426 2426 2425 2427 2426 2427 2238 2238 2427 2239 2428 2429 2430 2430 2429 2431
              2430 2431 2432 2432 2431 2433 2432 2433 2434 2434 2433 2435 2434 2435 2436 2436 2435 2437 2436 2437 2438 2438 2437 2439 2438 2439 2440 2440 2439 2441 2440 2441 2442 2442 2441 2443
              2442 2443 2444 2444 2443 2445 2444 2445 2446 2446 2445 2447 2446 2447 2448 2448 2447 2449 2448 2449 2450 2450 2449 2451 2450 2451 2452 2452 2451 2453 2452 2453 2454 2454 2453 2455
              2454 2455 2456 2456 2455 2457 2456 2457 2458 2458 2457 2459 2458 2459 2460 2460 2459 2461 2460 2461 2462 2462 2461 2463 2462 2463 2464 2464 2463 2465 2464 2465 2466 2466 2465 2467
              2466 2467 2468 2468 2467 2469 2468 2469 2282 2282 2469 2283 342 7 343 343 7 6 343 6 345 345 6 24 345 24 347 347 24 26 347 26 348 348 26 28
              348 28 350 350 28 253 350 253 352 352 253 255 352 255 354 354 255 257 354 257 363 363 257 273 363 273 364 364 273 272 364 272 372 372 272 271
              372 271 371 371 271 280 371 280 369 369 280 279 369 279 373 373 279 278 373 278 374 374 278 277 374 277 375 375 277 282 375 282 378 378 282 281
              378 281 379 379 281 261 379 261 355 355 261 260 355 260 356 356 260 270 540 50 541 541 50 56 541 56 542 542 56 55 542 55 537 537 55 54
              537 54 538 538 54 49 538 49 543 543 49 48 543 48 544 544 48 47 544 47 545 545 47 40 545 40 558 558 40 39 558 39 559 559 39 53
              559 53 560 560 53 45 560 45 546 546 45 44 546 44 547 547 44 61 547 61 567 567 61 60 567 60 568 568 60 57 568 57 569 569 57 58
              569 58 571 571 58 59 571 59 572 572 59 77 572 77 573 573 77 76 573 76 548 548 76 75 604 306 606 606 306 305 606 305 607 607 305 304
              607 304 608 608 304 285 608 285 609 609 285 284 609 284 610 610 284 283 610 283 611 611 283 296 611 296 617 617 296 295 617 295 618 618 295 294
              618 294 619 619 294 313 619 313 612 612 313 312 612 312 613 613 312 311 613 311 614 614 311 293 614 293 615 615 293 292 615 292 616 616 292 291
              616 291 620 620 291 290 620 290 621 621 290 289 621 289 622 622 289 288 622 288 623 623 288 287 623 287 629 629 287 286 525 102 491 491 102 149
              491 149 492 492 149 148 492 148 493 493 148 147 493 147 494 494 147 146 494 146 521 521 146 145 521 145 522 522 145 144 522 144 495 495 144 112
              495 112 496 496 112 111 496 111 497 497 111 109 497 109 498 498 109 108 498 108 500 500 108 127 500 127 502 502 127 125 502 125 504 504 125 123
              504 123 506 506 123 121 506 121 507 507 121 119 507 119 487 487 119 118 487 118 489 489 118 116 489 116 490 490 116 114 490 114 474 474 114 113
              2470 2281 2279 2471 2472 2473 2473 2472 2470 2474 2475 2476 2476 2475 2477 2476 2477 2471 2478 2479 2480 2480 2479 2474 2481 2482 2483 2483 2482 2478 2484 2485 2486 2486 2485 2481
              2487 2488 2489 2489 2488 2484 2490 2491 2492 2492 2491 2487 2493 2494 2495 2495 2494 2496 2495 2496 2490 159 2497 2498 2498 2497 2499 2498 2499 2493 2470 2279 2473 2473 2279 2277
              2473 2277 2500 2277 2275 2500 2500 2275 2273 2500 2273 2501 2501 2273 2271 2501 2271 2502 2271 2269 2502 2502 2269 2267 2502 2267 2503 2503 2267 2265 2503 2265 2504 2504 2265 2263
              2253 2505 2506 2263 2261 2504 2504 2261 2259 2504 2259 2507 2507 2259 2257 2507 2257 2506 2506 2257 2255 2506 2255 2253 2243 2508 2509 2253 2251 2505 2505 2251 2249 2505 2249 2510
              2510 2249 2247 2510 2247 2509 2509 2247 2245 2509 2245 2243 2243 2241 2508 2508 2241 2239 2508 2239 2511 2471 2473 2476 2476 2473 2500 2476 2500 2512 2512 2500 2501 2512 2501 2513
              2513 2501 2502 2513 2502 2514 2514 2502 2503 2514 2503 2515 2515 2503 2504 2515 2504 2516 2516 2504 2507 2516 2507 2517 2517 2507 2506 2517 2506 2518 2518 2506 2505 2518 2505 2519
              2519 2505 2510 2519 2510 2520 2520 2510 2509 2520 2509 2521 2521 2509 2508 2521 2508 2522 2522 2508 2511 2522 2511 2523 2474 2476 2480 2480 2476 2512 2480 2512 2524 2524 2512 2513
              2524 2513 2525 2525 2513 2514 2525 2514 2526 2526 2514 2515 2526 2515 2527 2527 2515 2516 2527 2516 2528 2528 2516 2517 2528 2517 2529 2529 2517 2518 2529 2518 2530 2530 2518 2519
              2530 2519 2531 2531 2519 2520 2531 2520 2532 2532 2520 2521 2532 2521 2533 2533 2521 2522 2533 2522 2534 2534 2522 2523 2534 2523 2535 2478 2480 2483 2483 2480 2524 2483 2524 2536
              2536 2524 2525 2536 2525 2537 2537 2525 2526 2537 2526 2538 2538 2526 2527 2538 2527 2539 2539 2527 2528 2539 2528 2540 2540 2528 2529 2540 2529 2541 2541 2529 2530 2541 2530 2542
              2542 2530 2531 2542 2531 2543 2543 2531 2532 2543 2532 2544 2544 2532 2533 2544 2533 2545 2545 2533 2534 2545 2534 2546 2546 2534 2535 2546 2535 2547 2481 2483 2486 2486 2483 2536
              2486 2536 2548 2548 2536 2537 2548 2537 2549 2549 2537 2538 2549 2538 2550 2550 2538 2539 2550 2539 2551 2551 2539 2540 2551 2540 2552 2552 2540 2541 2552 2541 2553 2553 2541 2542
              2553 2542 2554 2554 2542 2543 2554 2543 2555 2555 2543 2544 2555 2544 2556 2556 2544 2545 2556 2545 2557 2557 2545 2546 2557 2546 2558 2558 2546 2547 2558 2547 2559 2484 2486 2489
              2489 2486 2548 2489 2548 2560 2560 2548 2549 2560 2549 2561 2561 2549 2550 2561 2550 2562 2562 2550 2551 2562 2551 2563 2563 2551 2552 2563 2552 2564 2564 2552 2553 2564 2553 2565
              2565 2553 2554 2565 2554 2566 2566 2554 2555 2566 2555 2567 2567 2555 2556 2567 2556 2568 2568 2556 2557 2568 2557 2569 2569 2557 2558 2569 2558 2570 2570 2558 2559 2570 2559 2571
              2487 2489 2492 2492 2489 2560 2492 2560 2572 2572 2560 2561 2572 2561 2573 2573 2561 2562 2573 2562 2574 2574 2562 2563 2574 2563 2575 2575 2563 2564 2575 2564 2576 2576 2564 2565
              2576 2565 2577 2577 2565 2566 2577 2566 2578 2578 2566 2567 2578 2567 2579 2579 2567 2568 2579 2568 2580 2580 2568 2569 2580 2569 2581 2581 2569 2570 2581 2570 2582 2582 2570 2571
              2582 2571 2583 2490 2492 2495 2495 2492 2572 2495 2572 2584 2584 2572 2573 2584 2573 2585 2585 2573 2574 2585 2574 2586 2586 2574 2575 2586 2575 2587 2587 2575 2576 2587 2576 2588
              2588 2576 2577 2588 2577 2589 2589 2577 2578 2589 2578 2590 2590 2578 2579 2590 2579 2591 2591 2579 2580 2591 2580 2592 2592 2580 2581 2592 2581 2593 2593 2581 2582 2593 2582 2594
              2594 2582 2583 2594 2583 2595 2493 2495 2498 2498 2495 2584 2498 2584 2596 2596 2584 2585 2596 2585 2597 2597 2585 2586 2597 2586 2598 2598 2586 2587 2598 2587 2599 2599 2587 2588
              2599 2588 2600 2600 2588 2589 2600 2589 2601 2601 2589 2590 2601 2590 2602 2602 2590 2591 2602 2591 2603 2603 2591 2592 2603 2592 2604 2604 2592 2593 2604 2593 2605 2605 2593 2594
              2605 2594 2606 2606 2594 2595 2606 2595 2607 159 2498 156 156 2498 2596 156 2596 157 157 2596 2597 157 2597 158 158 2597 2598 158 2598 155 155 2598 2599 155 2599 154
              154 2599 2600 154 2600 128 128 2600 2601 128 2601 126 126 2601 2602 126 2602 124 124 2602 2603 124 2603 122 122 2603 2604 122 2604 120 120 2604 2605 120 2605 117
              117 2605 2606 117 2606 115 115 2606 2607 115 2607 105 2608 2609 2610 2607 2595 2611 2609 2612 2613 2595 2583 2614 2612 2615 2616 2583 2571 2617 2615 2618 2619 2571 2559 2620
              2618 2621 2622 2559 2547 2623 2621 2624 2625 2547 2535 2626 2624 2627 2628 2535 2523 2629 2627 2630 2631 2523 2511 2632 2353 2351 2633 2359 2357 2634 2363 2361 2635 2367 2365 2636
              2511 2239 2427 2421 2637 2638 2511 2427 2632 2632 2427 2425 2632 2425 2638 2638 2425 2423 2638 2423 2421 2421 2419 2637 2637 2419 2417 2637 2417 2639 2639 2417 2415 2639 2415 2640
              2415 2413 2640 2640 2413 2411 2640 2411 2641 2641 2411 2409 2641 2409 2642 2642 2409 2407 2397 2643 2644 2407 2405 2642 2642 2405 2403 2642 2403 2645 2645 2403 2401 2645 2401 2644
              2644 2401 2399 2644 2399 2397 2397 2395 2643 2643 2395 2393 2643 2393 2646 2646 2393 2391 2646 2391 2647 2383 2648 2649 2391 2389 2647 2647 2389 2387 2647 2387 2649 2649 2387 2385
              2649 2385 2383 2371 2650 2373 2373 2650 2651 2383 2381 2648 2648 2381 2379 2648 2379 2652 2652 2379 2377 2652 2377 2651 2651 2377 2375 2651 2375 2373 2347 2345 2630 2335 2653 2654
              2345 2343 2630 2630 2343 2341 2630 2341 2631 2631 2341 2339 2631 2339 2654 2654 2339 2337 2654 2337 2335 2335 2333 2653 2653 2333 2331 2653 2331 2655 2655 2331 2329 2655 2329 2656
              2329 2327 2656 2656 2327 2325 2656 2325 2657 2657 2325 2323 2657 2323 2658 2658 2323 2321 2311 2659 2660 2321 2319 2658 2658 2319 2317 2658 2317 2661 2661 2317 2315 2661 2315 2660
              2660 2315 2313 2660 2313 2311 2311 2309 2659 2659 2309 2307 2659 2307 2662 2662 2307 2305 2662 2305 2663 2297 2664 2665 2305 2303 2663 2663 2303 2301 2663 2301 2665 2665 2301 2299
              2665 2299 2297 2287 2666 2667 2297 2295 2664 2664 2295 2293 2664 2293 2668 2668 2293 2291 2668 2291 2667 2667 2291 2289 2667 2289 2287 2287 2285 2666 2666 2285 2283 2666 2283 2669
              2523 2632 2629 2629 2632 2638 2629 2638 2670 2670 2638 2637 2670 2637 2671 2671 2637 2639 2671 2639 2672 2672 2639 2640 2672 2640 2673 2673 2640 2641 2673 2641 2674 2674 2641 2642
              2674 2642 2675 2675 2642 2645 2675 2645 2676 2676 2645 2644 2676 2644 2677 2677 2644 2643 2677 2643 2678 2678 2643 2646 2678 2646 2679 2679 2646 2647 2679 2647 2680 2680 2647 2649
              2680 2649 2681 2681 2649 2648 2681 2648 2682 2682 2648 2652 2682 2652 2683 2683 2652 2651 2683 2651 2684 2684 2651 2650 2684 2650 2685 2627 2631 2628 2628 2631 2654 2628 2654 2686
              2686 2654 2653 2686 2653 2687 2687 2653 2655 2687 2655 2688 2688 2655 2656 2688 2656 2689 2689 2656 2657 2689 2657 2690 2690 2657 2658 2690 2658 2691 2691 2658 2661 2691 2661 2692
              2692 2661 2660 2692 2660 2693 2693 2660 2659 2693 2659 2694 2694 2659 2662 2694 2662 2695 2695 2662 2663 2695 2663 2696 2696 2663 2665 2696 2665 2697 2697 2665 2664 2697 2664 2698
              2698 2664 2668 2698 2668 2699 2699 2668 2667 2699 2667 2700 2700 2667 2666 2700 2666 2701 2701 2666 2669 2701 2669 2702 2535 2629 2626 2626 2629 2670 2626 2670 2703 2703 2670 2671
              2703 2671 2704 2704 2671 2672 2704 2672 2705 2705 2672 2673 2705 2673 2706 2706 2673 2674 2706 2674 2707 2707 2674 2675 2707 2675 2708 2708 2675 2676 2708 2676 2709 2709 2676 2677
              2709 2677 2710 2710 2677 2678 2710 2678 2711 2711 2678 2679 2711 2679 2712 2712 2679 2680 2712 2680 2713 2713 2680 2681 2713 2681 2714 2714 2681 2682 2714 2682 2715 2715 2682 2683
              2715 2683 2716 2716 2683 2684 2716 2684 2717 2717 2684 2685 2717 2685 2718 2624 2628 2625 2625 2628 2686 2625 2686 2719 2719 2686 2687 2719 2687 2720 2720 2687 2688 2720 2688 2721
              2721 2688 2689 2721 2689 2722 2722 2689 2690 2722 2690 2723 2723 2690 2691 2723 2691 2724 2724 2691 2692 2724 2692 2725 2725 2692 2693 2725 2693 2726 2726 2693 2694 2726 2694 2727
              2727 2694 2695 2727 2695 2728 2728 2695 2696 2728 2696 2729 2729 2696 2697 2729 2697 2730 2730 2697 2698 2730 2698 2731 2731 2698 2699 2731 2699 2732 2732 2699 2700 2732 2700 2733
              2733 2700 2701 2733 2701 2734 2734 2701 2702 2734 2702 2735 2547 2626 2623 2623 2626 2703 2623 2703 2736 2736 2703 2704 2736 2704 2737 2737 2704 2705 2737 2705 2738 2738 2705 2706
              2738 2706 2739 2739 2706 2707 2739 2707 2740 2740 2707 2708 2740 2708 2741 2741 2708 2709 2741 2709 2742 2742 2709 2710 2742 2710 2743 2743 2710 2711 2743 2711 2744 2744 2711 2712
              2744 2712 2745 2745 2712 2713 2745 2713 2746 2746 2713 2714 2746 2714 2747 2747 2714 2715 2747 2715 2748 2748 2715 2716 2748 2716 2749 2749 2716 2717 2749 2717 2750 2750 2717 2718
              2750 2718 2751 2621 2625 2622 2622 2625 2719 2622 2719 2752 2752 2719 2720 2752 2720 2753 2753 2720 2721 2753 2721 2754 2754 2721 2722 2754 2722 2755 2755 2722 2723 2755 2723 2756
              2756 2723 2724 2756 2724 2757 2757 2724 2725 2757 2725 2758 2758 2725 2726 2758 2726 2759 2759 2726 2727 2759 2727 2760 2760 2727 2728 2760 2728 2761 2761 2728 2729 2761 2729 2762
              2762 2729 2730 2762 2730 2763 2763 2730 2731 2763 2731 2764 2764 2731 2732 2764 2732 2765 2765 2732 2733 2765 2733 2766 2766 2733 2734 2766 2734 2767 2767 2734 2735 2767 2735 2768
              2559 2623 2620 2620 2623 2736 2620 2736 2769 2769 2736 2737 2769 2737 2770 2770 2737 2738 2770 2738 2771 2771 2738 2739 2771 2739 2772 2772 2739 2740 2772 2740 2773 2773 2740 2741
              2773 2741 2774 2774 2741 2742 2774 2742 2775 2775 2742 2743 2775 2743 2776 2776 2743 2744 2776 2744 2777 2777 2744 2745 2777 2745 2778 2778 2745 2746 2778 2746 2779 2779 2746 2747
              2779 2747 2780 2780 2747 2748 2780 2748 2781 2781 2748 2749 2781 2749 2782 2782 2749 2750 2782 2750 2783 2783 2750 2751 2783 2751 2784 2618 2622 2619 2619 2622 2752 2619 2752 2785
              2785 2752 2753 2785 2753 2786 2786 2753 2754 2786 2754 2787 2787 2754 2755 2787 2755 2788 2788 2755 2756 2788 2756 2789 2789 2756 2757 2789 2757 2790 2790 2757 2758 2790 2758 2791
              2791 2758 2759 2791 2759 2792 2792 2759 2760 2792 2760 2793 2793 2760 2761 2793 2761 2794 2794 2761 2762 2794 2762 2795 2795 2762 2763 2795 2763 2796 2796 2763 2764 2796 2764 2797
              2797 2764 2765 2797 2765 2798 2798 2765 2766 2798 2766 2799 2799 2766 2767 2799 2767 2800 2800 2767 2768 2800 2768 2801 2571 2620 2617 2617 2620 2769 2617 2769 2802 2802 2769 2770
              2802 2770 2803 2803 2770 2771 2803 2771 2804 2804 2771 2772 2804 2772 2805 2805 2772 2773 2805 2773 2806 2806 2773 2774 2806 2774 2807 2807 2774 2775 2807 2775 2808 2808 2775 2776
              2808 2776 2809 2809 2776 2777 2809 2777 2810 2810 2777 2778 2810 2778 2811 2811 2778 2779 2811 2779 2812 2812 2779 2780 2812 2780 2813 2813 2780 2781 2813 2781 2814 2814 2781 2782
              2814 2782 2815 2815 2782 2783 2815 2783 2816 2816 2783 2784 2816 2784 2817 2615 2619 2616 2616 2619 2785 2616 2785 2818 2818 2785 2786 2818 2786 2819 2819 2786 2787 2819 2787 2820
              2820 2787 2788 2820 2788 2821 2821 2788 2789 2821 2789 2822 2822 2789 2790 2822 2790 2823 2823 2790 2791 2823 2791 2824 2824 2791 2792 2824 2792 2825 2825 2792 2793 2825 2793 2826
              2826 2793 2794 2826 2794 2827 2827 2794 2795 2827 2795 2828 2828 2795 2796 2828 2796 2829 2829 2796 2797 2829 2797 2830 2830 2797 2798 2830 2798 2831 2831 2798 2799 2831 2799 2832
              2832 2799 2800 2832 2800 2833 2833 2800 2801 2833 2801 2834 2583 2617 2614 2614 2617 2802 2614 2802 2835 2835 2802 2803 2835 2803 2836 2836 2803 2804 2836 2804 2837 2837 2804 2805
              2837 2805 2838 2838 2805 2806 2838 2806 2839 2839 2806 2807 2839 2807 2840 2840 2807 2808 2840 2808 2841 2841 2808 2809 2841 2809 2842 2842 2809 2810 2842 2810 2843 2843 2810 2811
              2843 2811 2844 2844 2811 2812 2844 2812 2845 2845 2812 2813 2845 2813 2846 2846 2813 2814 2846 2814 2847 2847 2814 2815 2847 2815 2848 2848 2815 2816 2848 2816 2849 2849 2816 2817
              2849 2817 2850 2612 2616 2613 2613 2616 2818 2613 2818 2851 2851 2818 2819 2851 2819 2852 2852 2819 2820 2852 2820 2853 2853 2820 2821 2853 2821 2854 2854 2821 2822 2854 2822 2855
              2855 2822 2823 2855 2823 2856 2856 2823 2824 2856 2824 2857 2857 2824 2825 2857 2825 2858 2858 2825 2826 2858 2826 2859 2859 2826 2827 2859 2827 2860 2860 2827 2828 2860 2828 2861
              2861 2828 2829 2861 2829 2862 2862 2829 2830 2862 2830 2863 2863 2830 2831 2863 2831 2864 2864 2831 2832 2864 2832 2865 2865 2832 2833 2865 2833 2866 2866 2833 2834 2866 2834 2867
              2595 2614 2611 2611 2614 2835 2611 2835 2868 2868 2835 2836 2868 2836 2869 2869 2836 2837 2869 2837 2870 2870 2837 2838 2870 2838 2871 2871 2838 2839 2871 2839 2872 2872 2839 2840
              2872 2840 2873 2873 2840 2841 2873 2841 2874 2874 2841 2842 2874 2842 2875 2875 2842 2843 2875 2843 2876 2876 2843 2844 2876 2844 2877 2877 2844 2845 2877 2845 2878 2878 2845 2846
              2878 2846 2879 2879 2846 2847 2879 2847 2880 2880 2847 2848 2880 2848 2881 2881 2848 2849 2881 2849 2882 2882 2849 2850 2882 2850 2883 2609 2613 2610 2610 2613 2851 2610 2851 2884
              2884 2851 2852 2884 2852 2885 2885 2852 2853 2885 2853 2886 2886 2853 2854 2886 2854 2887 2887 2854 2855 2887 2855 2888 2888 2855 2856 2888 2856 2889 2889 2856 2857 2889 2857 2890
              2890 2857 2858 2890 2858 2891 2891 2858 2859 2891 2859 2892 2892 2859 2860 2892 2860 2893 2893 2860 2861 2893 2861 2894 2894 2861 2862 2894 2862 2895 2895 2862 2863 2895 2863 2896
              2896 2863 2864 2896 2864 2897 2897 2864 2865 2897 2865 2898 2898 2865 2866 2898 2866 2899 2899 2866 2867 2899 2867 2900 2607 2611 2901 2901 2611 2868 2901 2868 2902 2902 2868 2869
              2902 2869 2903 2903 2869 2870 2903 2870 2904 2904 2870 2871 2904 2871 2905 2905 2871 2872 2905 2872 2906 2906 2872 2873 2906 2873 2907 2907 2873 2874 2907 2874 2908 2908 2874 2875
              2908 2875 2909 2909 2875 2876 2909 2876 2910 2910 2876 2877 2910 2877 2911 2911 2877 2878 2911 2878 2912 2912 2878 2879 2912 2879 2913 2913 2879 2880 2913 2880 2914 2914 2880 2881
              2914 2881 2915 2915 2881 2882 2915 2882 2916 2916 2882 2883 2916 2883 2917 2608 2610 2918 2918 2610 2884 2918 2884 2919 2919 2884 2885 2919 2885 2920 2920 2885 2886 2920 2886 2921
              2921 2886 2887 2921 2887 2922 2922 2887 2888 2922 2888 2923 2923 2888 2889 2923 2889 2924 2924 2889 2890 2924 2890 2925 2925 2890 2891 2925 2891 2926 2926 2891 2892 2926 2892 2927
              2927 2892 2893 2927 2893 2928 2928 2893 2894 2928 2894 2929 2929 2894 2895 2929 2895 2930 2930 2895 2896 2930 2896 2931 2931 2896 2897 2931 2897 2932 2932 2897 2898 2932 2898 2933
              2933 2898 2899 2933 2899 2934 2934 2899 2900 2934 2900 2935 66 71 2917 2917 71 73 2917 73 2916 2916 73 93 2916 93 2915 2915 93 92 2915 92 2914 2914 92 91
              2914 91 2913 2913 91 101 2913 101 2912 2912 101 100 2912 100 2911 2911 100 99 2911 99 2910 2910 99 98 2910 98 2909 2909 98 97 2909 97 2908 2908 97 95
              2908 95 2907 2907 95 94 2907 94 2906 2906 94 152 2906 152 2905 2905 152 153 2905 153 2904 2904 153 139 2904 139 2903 2903 139 141 2903 141 2902 2902 141 107
              2902 107 2901 2901 107 105 2901 105 2607 2371 2369 2650 2650 2369 2936 2650 2936 2685 2685 2936 2937 2685 2937 2718 2718 2937 2938 2718 2938 2751 2751 2938 2939 2751 2939 2784
              2784 2939 2940 2784 2940 2817 2817 2940 2941 2817 2941 2850 2850 2941 2942 2850 2942 2883 2883 2942 2943 2883 2943 2917 2917 2943 2944 2917 2944 66 66 2944 83 2369 2367 2936
              2936 2367 2636 2936 2636 2937 2937 2636 2945 2937 2945 2938 2938 2945 2946 2938 2946 2939 2939 2946 2947 2939 2947 2940 2940 2947 2948 2940 2948 2941 2941 2948 2949 2941 2949 2942
              2942 2949 2950 2942 2950 2943 2943 2950 2951 2943 2951 2944 2944 2951 2952 2944 2952 83 83 2952 85 2365 2363 2636 2636 2363 2635 2636 2635 2945 2945 2635 2953 2945 2953 2946
              2946 2953 2954 2946 2954 2947 2947 2954 2955 2947 2955 2948 2948 2955 2956 2948 2956 2949 2949 2956 2957 2949 2957 2950 2950 2957 2958 2950 2958 2951 2951 2958 2959 2951 2959 2952
              2952 2959 2960 2952 2960 85 85 2960 88 2361 2359 2635 2635 2359 2634 2635 2634 2953 2953 2634 2961 2953 2961 2954 2954 2961 2962 2954 2962 2955 2955 2962 2963 2955 2963 2956
              2956 2963 2964 2956 2964 2957 2957 2964 2965 2957 2965 2958 2958 2965 2966 2958 2966 2959 2959 2966 2967 2959 2967 2960 2960 2967 2968 2960 2968 88 88 2968 89 2357 2355 2634
              2634 2355 2969 2634 2969 2961 2961 2969 2970 2961 2970 2962 2962 2970 2971 2962 2971 2963 2963 2971 2972 2963 2972 2964 2964 2972 2973 2964 2973 2965 2965 2973 2974 2965 2974 2966
              2966 2974 2975 2966 2975 2967 2967 2975 2976 2967 2976 2968 2968 2976 2977 2968 2977 89 89 2977 90 2355 2353 2969 2969 2353 2633 2969 2633 2970 2970 2633 2978 2970 2978 2971
              2971 2978 2979 2971 2979 2972 2972 2979 2980 2972 2980 2973 2973 2980 2981 2973 2981 2974 2974 2981 2982 2974 2982 2975 2975 2982 2983 2975 2983 2976 2976 2983 2984 2976 2984 2977
              2977 2984 2985 2977 2985 90 90 2985 86 2351 2349 2633 2633 2349 2986 2633 2986 2978 2978 2986 2987 2978 2987 2979 2979 2987 2988 2979 2988 2980 2980 2988 2989 2980 2989 2981
              2981 2989 2990 2981 2990 2982 2982 2990 2991 2982 2991 2983 2983 2991 2992 2983 2992 2984 2984 2992 2993 2984 2993 2985 2985 2993 2994 2985 2994 86 86 2994 87 2349 2347 2986
              2986 2347 2630 2986 2630 2987 2987 2630 2627 2987 2627 2988 2988 2627 2624 2988 2624 2989 2989 2624 2621 2989 2621 2990 2990 2621 2618 2990 2618 2991 2991 2618 2615 2991 2615 2992
              2992 2615 2612 2992 2612 2993 2993 2612 2609 2993 2609 2994 2994 2609 2608 2994 2608 87 87 2608 84 84 2608 43 43 2608 2918 43 2918 62 62 2918 2919 62 2919 29
              29 2919 2920 29 2920 30 30 2920 2921 30 2921 32 32 2921 2922 32 2922 33 33 2922 2923 33 2923 34 34 2923 2924 34 2924 35 35 2924 2925 35 2925 36
              36 2925 2926 36 2926 37 37 2926 2927 37 2927 38 38 2927 2928 38 2928 16 16 2928 2929 16 2929 17 17 2929 2930 17 2930 19 19 2930 2931 19 2931 22
              22 2931 2932 22 2932 15 15 2932 2933 15 2933 13 13 2933 2934 13 2934 10 10 2934 2935 10 2935 8 2669 2283 2469 2995 2996 2997 2998 2999 3000 3001 3002 3003
              3004 3005 3006 3007 3008 3009 3010 3011 3012 3013 3 251 3013 251 3011 3010 3012 3014 3008 3015 3016 3016 3015 3017 3016 3017 3014 3007 3009 3018 3005 3019 3020 3020 3019 3021
              3020 3021 3018 3004 3006 3002 3001 3003 2999 2998 3000 3022 2996 3023 3024 3024 3023 3025 3024 3025 3022 2995 2997 2429 2463 3026 3027 2669 2469 3028 3028 2469 2467 3028 2467 3027
              3027 2467 2465 3027 2465 2463 2453 3029 3030 2463 2461 3026 3026 2461 2459 3026 2459 3031 3031 2459 2457 3031 2457 3030 3030 2457 2455 3030 2455 2453 2453 2451 3029 3029 2451 2449
              3029 2449 3032 3032 2449 2447 3032 2447 3033 2439 3034 3035 2447 2445 3033 3033 2445 2443 3033 2443 3035 3035 2443 2441 3035 2441 2439 2439 2437 3034 3034 2437 2435 3034 2435 3036
              3036 2435 2433 3036 2433 2997 2997 2433 2431 2997 2431 2429 2996 3024 2997 2997 3024 3037 2997 3037 3036 3036 3037 3038 3036 3038 3034 3034 3038 3039 3034 3039 3035 3035 3039 3040
              3035 3040 3033 3033 3040 3041 3033 3041 3032 3032 3041 3042 3032 3042 3029 3029 3042 3043 3029 3043 3030 3030 3043 3044 3030 3044 3031 3031 3044 3045 3031 3045 3026 3026 3045 3046
              3026 3046 3027 3027 3046 3047 3027 3047 3028 3028 3047 2702 3028 2702 2669 3022 3000 3024 3024 3000 3048 3024 3048 3037 3037 3048 3049 3037 3049 3038 3038 3049 3050 3038 3050 3039
              3039 3050 3051 3039 3051 3040 3040 3051 3052 3040 3052 3041 3041 3052 3053 3041 3053 3042 3042 3053 3054 3042 3054 3043 3043 3054 3055 3043 3055 3044 3044 3055 3056 3044 3056 3045
              3045 3056 3057 3045 3057 3046 3046 3057 3058 3046 3058 3047 3047 3058 2735 3047 2735 2702 2999 3003 3000 3000 3003 3059 3000 3059 3048 3048 3059 3060 3048 3060 3049 3049 3060 3061
              3049 3061 3050 3050 3061 3062 3050 3062 3051 3051 3062 3063 3051 3063 3052 3052 3063 3064 3052 3064 3053 3053 3064 3065 3053 3065 3054 3054 3065 3066 3054 3066 3055 3055 3066 3067
              3055 3067 3056 3056 3067 3068 3056 3068 3057 3057 3068 3069 3057 3069 3058 3058 3069 2768 3058 2768 2735 3002 3006 3003 3003 3006 3070 3003 3070 3059 3059 3070 3071 3059 3071 3060
              3060 3071 3072 3060 3072 3061 3061 3072 3073 3061 3073 3062 3062 3073 3074 3062 3074 3063 3063 3074 3075 3063 3075 3064 3064 3075 3076 3064 3076 3065 3065 3076 3077 3065 3077 3066
              3066 3077 3078 3066 3078 3067 3067 3078 3079 3067 3079 3068 3068 3079 3080 3068 3080 3069 3069 3080 2801 3069 2801 2768 3005 3020 3006 3006 3020 3081 3006 3081 3070 3070 3081 3082
              3070 3082 3071 3071 3082 3083 3071 3083 3072 3072 3083 3084 3072 3084 3073 3073 3084 3085 3073 3085 3074 3074 3085 3086 3074 3086 3075 3075 3086 3087 3075 3087 3076 3076 3087 3088
              3076 3088 3077 3077 3088 3089 3077 3089 3078 3078 3089 3090 3078 3090 3079 3079 3090 3091 3079 3091 3080 3080 3091 2834 3080 2834 2801 3018 3009 3020 3020 3009 3092 3020 3092 3081
              3081 3092 3093 3081 3093 3082 3082 3093 3094 3082 3094 3083 3083 3094 3095 3083 3095 3084 3084 3095 3096 3084 3096 3085 3085 3096 3097 3085 3097 3086 3086 3097 3098 3086 3098 3087
              3087 3098 3099 3087 3099 3088 3088 3099 3100 3088 3100 3089 3089 3100 3101 3089 3101 3090 3090 3101 3102 3090 3102 3091 3091 3102 2867 3091 2867 2834 3008 3016 3009 3009 3016 3103
              3009 3103 3092 3092 3103 3104 3092 3104 3093 3093 3104 3105 3093 3105 3094 3094 3105 3106 3094 3106 3095 3095 3106 3107 3095 3107 3096 3096 3107 3108 3096 3108 3097 3097 3108 3109
              3097 3109 3098 3098 3109 3110 3098 3110 3099 3099 3110 3111 3099 3111 3100 3100 3111 3112 3100 3112 3101 3101 3112 3113 3101 3113 3102 3102 3113 2900 3102 2900 2867 3014 3012 3016
              3016 3012 3114 3016 3114 3103 3103 3114 3115 3103 3115 3104 3104 3115 3116 3104 3116 3105 3105 3116 3117 3105 3117 3106 3106 3117 3118 3106 3118 3107 3107 3118 3119 3107 3119 3108
              3108 3119 3120 3108 3120 3109 3109 3120 3121 3109 3121 3110 3110 3121 3122 3110 3122 3111 3111 3122 3123 3111 3123 3112 3112 3123 3124 3112 3124 3113 3113 3124 2935 3113 2935 2900
              3011 251 3012 3012 251 250 3012 250 3114 3114 250 249 3114 249 3115 3115 249 252 3115 252 3116 3116 252 1 3116 1 3117 3117 1 0 3117 0 3118 3118 0 259
              3118 259 3119 3119 259 258 3119 258 3120 3120 258 256 3120 256 3121 3121 256 254 3121 254 3122 3122 254 27 3122 27 3123 3123 27 25 3123 25 3124 3124 25 8
              3124 8 2935 2242 2244 3125 2246 2248 3126 2252 2254 3127 2256 2258 3128 2262 2264 3129 2266 2268 3130 2270 2272 3131 3132 3133 3134 3135 3136 3137 3138 3139 3140 3140 3139 3141
              3139 3142 3141 3141 3142 3143 3141 3143 472 472 3143 3144 472 3144 380 3137 3136 3145 3136 3146 3145 3145 3146 3147 3145 3147 3140 3140 3147 3148 3140 3148 3138 3149 3150 3151
              3151 3152 3149 3149 3152 3153 3149 3153 3137 3137 3153 3154 3137 3154 3135 3134 3133 3155 3133 3156 3155 3155 3156 3157 3155 3157 3150 3150 3157 3158 3150 3158 3151 2276 2278 3159
              3159 2278 2280 2280 3160 3159 3159 3160 3161 3159 3161 3134 3134 3161 3162 3134 3162 3132 2274 2276 3163 3163 2276 3159 3163 3159 3164 3164 3159 3134 3164 3134 3165 3165 3134 3155
              3165 3155 3166 3166 3155 3150 3166 3150 3167 3167 3150 3149 3167 3149 3168 3168 3149 3137 3168 3137 3169 3169 3137 3145 3169 3145 3170 3170 3145 3140 3170 3140 3171 3171 3140 3141
              3171 3141 471 471 3141 472 471 470 3171 3171 470 3172 3171 3172 3170 3170 3172 3173 3170 3173 3169 3169 3173 3174 3169 3174 3168 3168 3174 3175 3168 3175 3167 3167 3175 3176
              3167 3176 3166 3166 3176 3177 3166 3177 3165 3165 3177 3178 3165 3178 3164 3164 3178 3179 3164 3179 3163 3163 3179 3131 3163 3131 2274 2274 3131 2272 470 469 3172 3172 469 3180
              3172 3180 3173 3173 3180 3181 3173 3181 3174 3174 3181 3182 3174 3182 3175 3175 3182 3183 3175 3183 3176 3176 3183 3184 3176 3184 3177 3177 3184 3185 3177 3185 3178 3178 3185 3186
              3178 3186 3179 3179 3186 3187 3179 3187 3131 3131 3187 3130 3131 3130 2270 2270 3130 2268 2264 2266 3129 3129 2266 3130 3129 3130 3188 3188 3130 3187 3188 3187 3189 3189 3187 3186
              3189 3186 3190 3190 3186 3185 3190 3185 3191 3191 3185 3184 3191 3184 3192 3192 3184 3183 3192 3183 3193 3193 3183 3182 3193 3182 3194 3194 3182 3181 3194 3181 3195 3195 3181 3180
              3195 3180 467 467 3180 469 2260 2262 3196 3196 2262 3129 3196 3129 3197 3197 3129 3188 3197 3188 3198 3198 3188 3189 3198 3189 3199 3199 3189 3190 3199 3190 3200 3200 3190 3191
              3200 3191 3201 3201 3191 3192 3201 3192 3202 3202 3192 3193 3202 3193 3203 3203 3193 3194 3203 3194 3204 3204 3194 3195 3204 3195 466 466 3195 467 466 499 3204 3204 499 3205
              3204 3205 3203 3203 3205 3206 3203 3206 3202 3202 3206 3207 3202 3207 3201 3201 3207 3208 3201 3208 3200 3200 3208 3209 3200 3209 3199 3199 3209 3210 3199 3210 3198 3198 3210 3211
              3198 3211 3197 3197 3211 3212 3197 3212 3196 3196 3212 3128 3196 3128 2260 2260 3128 2258 499 501 3205 3205 501 3213 3205 3213 3206 3206 3213 3214 3206 3214 3207 3207 3214 3215
              3207 3215 3208 3208 3215 3216 3208 3216 3209 3209 3216 3217 3209 3217 3210 3210 3217 3218 3210 3218 3211 3211 3218 3219 3211 3219 3212 3212 3219 3220 3212 3220 3128 3128 3220 3127
              3128 3127 2256 2256 3127 2254 2250 2252 3221 3221 2252 3127 3221 3127 3222 3222 3127 3220 3222 3220 3223 3223 3220 3219 3223 3219 3224 3224 3219 3218 3224 3218 3225 3225 3218 3217
              3225 3217 3226 3226 3217 3216 3226 3216 3227 3227 3216 3215 3227 3215 3228 3228 3215 3214 3228 3214 3229 3229 3214 3213 3229 3213 503 503 3213 501 503 505 3229 3229 505 3230
              3229 3230 3228 3228 3230 3231 3228 3231 3227 3227 3231 3232 3227 3232 3226 3226 3232 3233 3226 3233 3225 3225 3233 3234 3225 3234 3224 3224 3234 3235 3224 3235 3223 3223 3235 3236
              3223 3236 3222 3222 3236 3237 3222 3237 3221 3221 3237 3126 3221 3126 2250 2250 3126 2248 505 486 3230 3230 486 3238 3230 3238 3231 3231 3238 3239 3231 3239 3232 3232 3239 3240
              3232 3240 3233 3233 3240 3241 3233 3241 3234 3234 3241 3242 3234 3242 3235 3235 3242 3243 3235 3243 3236 3236 3243 3244 3236 3244 3237 3237 3244 3245 3237 3245 3126 3126 3245 3125
              3126 3125 2246 2246 3125 2244 2240 2242 3246 3246 2242 3125 3246 3125 3247 3247 3125 3245 3247 3245 3248 3248 3245 3244 3248 3244 3249 3249 3244 3243 3249 3243 3250 3250 3243 3242
              3250 3242 3251 3251 3242 3241 3251 3241 3252 3252 3241 3240 3252 3240 3253 3253 3240 3239 3253 3239 3254 3254 3239 3238 3254 3238 488 488 3238 486 488 476 3254 3254 476 3255
              3254 3255 3253 3253 3255 3256 3253 3256 3252 3252 3256 3257 3252 3257 3251 3251 3257 3258 3251 3258 3250 3250 3258 3259 3250 3259 3249 3249 3259 3260 3249 3260 3248 3248 3260 3261
              3248 3261 3247 3247 3261 3262 3247 3262 3246 3246 3262 3263 3246 3263 2240 2240 3263 2238 2286 2288 3264 2290 2292 3265 2296 2298 3266 2300 2302 3267 2310 2312 3268 2314 2316 3269
              2320 2322 3270 2324 2326 3271 2328 2330 3272 2334 2336 3273 2338 2340 3274 2344 2346 3275 2348 2350 3276 2352 2354 3277 2358 2360 3278 2362 2364 3279 2372 2374 3280 2376 2378 3281
              2382 2384 3282 2386 2388 3283 2396 2398 3284 2400 2402 3285 2406 2408 3286 2410 2412 3287 2414 2416 3288 2420 2422 3289 2424 2426 3290 553 555 3291 563 580 3292 536 535 3293
              3293 535 3294 3293 3294 3295 3295 3294 3296 3295 3296 3297 3297 3296 3298 3297 3298 3299 3299 3298 3300 3299 3300 3301 3301 3300 3302 3301 3302 3303 3303 3302 3304 3303 3304 3305
              3305 3304 3306 3305 3306 3307 3307 3306 3308 3307 3308 3309 3309 3308 3283 580 587 3292 3292 587 3310 3292 3310 3311 3311 3310 3312 3311 3312 3313 3313 3312 3314 3313 3314 3315
              3315 3314 3316 3315 3316 3317 3317 3316 3318 3317 3318 3319 3319 3318 3320 3319 3320 3321 3321 3320 3322 3321 3322 3323 3323 3322 3324 3323 3324 3325 3325 3324 3279 594 341 3326
              3326 341 3327 3326 3327 3328 3328 3327 3329 3328 3329 3330 3330 3329 3331 3330 3331 3332 3332 3331 3333 3332 3333 3334 3334 3333 3335 3334 3335 3336 3336 3335 3337 3336 3337 3338
              3338 3337 3339 3338 3339 3340 3340 3339 3341 3340 3341 3342 3342 3341 3267 476 480 3255 3255 480 3343 3255 3343 3256 3256 3343 3344 3256 3344 3257 3257 3344 3345 3257 3345 3258
              3258 3345 3346 3258 3346 3259 3259 3346 3347 3259 3347 3260 3260 3347 3348 3260 3348 3261 3261 3348 3349 3261 3349 3262 3262 3349 3350 3262 3350 3263 3263 3350 3290 3263 3290 2238
              2238 3290 2426 480 483 3343 3343 483 3351 3343 3351 3344 3344 3351 3352 3344 3352 3345 3345 3352 3353 3345 3353 3346 3346 3353 3354 3346 3354 3347 3347 3354 3355 3347 3355 3348
              3348 3355 3356 3348 3356 3349 3349 3356 3357 3349 3357 3350 3350 3357 3358 3350 3358 3290 3290 3358 3289 3290 3289 2424 2424 3289 2422 2418 2420 3359 3359 2420 3289 3359 3289 3360
              3360 3289 3358 3360 3358 3361 3361 3358 3357 3361 3357 3362 3362 3357 3356 3362 3356 3363 3363 3356 3355 3363 3355 3364 3364 3355 3354 3364 3354 3365 3365 3354 3353 3365 3353 3366
              3366 3353 3352 3366 3352 3367 3367 3352 3351 3367 3351 485 485 3351 483 485 510 3367 3367 510 3368 3367 3368 3366 3366 3368 3369 3366 3369 3365 3365 3369 3370 3365 3370 3364
              3364 3370 3371 3364 3371 3363 3363 3371 3372 3363 3372 3362 3362 3372 3373 3362 3373 3361 3361 3373 3374 3361 3374 3360 3360 3374 3375 3360 3375 3359 3359 3375 3288 3359 3288 2418
              2418 3288 2416 510 511 3368 3368 511 3376 3368 3376 3369 3369 3376 3377 3369 3377 3370 3370 3377 3378 3370 3378 3371 3371 3378 3379 3371 3379 3372 3372 3379 3380 3372 3380 3373
              3373 3380 3381 3373 3381 3374 3374 3381 3382 3374 3382 3375 3375 3382 3383 3375 3383 3288 3288 3383 3287 3288 3287 2414 2414 3287 2412 2408 2410 3286 3286 2410 3287 3286 3287 3384
              3384 3287 3383 3384 3383 3385 3385 3383 3382 3385 3382 3386 3386 3382 3381 3386 3381 3387 3387 3381 3380 3387 3380 3388 3388 3380 3379 3388 3379 3389 3389 3379 3378 3389 3378 3390
              3390 3378 3377 3390 3377 3391 3391 3377 3376 3391 3376 479 479 3376 511 2404 2406 3392 3392 2406 3286 3392 3286 3393 3393 3286 3384 3393 3384 3394 3394 3384 3385 3394 3385 3395
              3395 3385 3386 3395 3386 3396 3396 3386 3387 3396 3387 3397 3397 3387 3388 3397 3388 3398 3398 3388 3389 3398 3389 3399 3399 3389 3390 3399 3390 3400 3400 3390 3391 3400 3391 529
              529 3391 479 529 527 3400 3400 527 3401 3400 3401 3399 3399 3401 3402 3399 3402 3398 3398 3402 3403 3398 3403 3397 3397 3403 3404 3397 3404 3396 3396 3404 3405 3396 3405 3395
              3395 3405 3406 3395 3406 3394 3394 3406 3407 3394 3407 3393 3393 3407 3408 3393 3408 3392 3392 3408 3285 3392 3285 2404 2404 3285 2402 527 526 3401 3401 526 3409 3401 3409 3402
              3402 3409 3410 3402 3410 3403 3403 3410 3411 3403 3411 3404 3404 3411 3412 3404 3412 3405 3405 3412 3413 3405 3413 3406 3406 3413 3414 3406 3414 3407 3407 3414 3415 3407 3415 3408
              3408 3415 3416 3408 3416 3285 3285 3416 3284 3285 3284 2400 2400 3284 2398 2394 2396 3417 3417 2396 3284 3417 3284 3418 3418 3284 3416 3418 3416 3419 3419 3416 3415 3419 3415 3420
              3420 3415 3414 3420 3414 3421 3421 3414 3413 3421 3413 3422 3422 3413 3412 3422 3412 3423 3423 3412 3411 3423 3411 3424 3424 3411 3410 3424 3410 3425 3425 3410 3409 3425 3409 528
              528 3409 526 528 536 3425 3425 536 3293 3425 3293 3424 3424 3293 3295 3424 3295 3423 3423 3295 3297 3423 3297 3422 3422 3297 3299 3422 3299 3421 3421 3299 3301 3421 3301 3420
              3420 3301 3303 3420 3303 3419 3419 3303 3305 3419 3305 3418 3418 3305 3307 3418 3307 3417 3417 3307 3309 3417 3309 2394 2394 3309 2392 3283 2388 3309 3309 2388 2390 3309 2390 2392
              535 534 3294 3294 534 3426 3294 3426 3296 3296 3426 3427 3296 3427 3298 3298 3427 3428 3298 3428 3300 3300 3428 3429 3300 3429 3302 3302 3429 3430 3302 3430 3304 3304 3430 3431
              3304 3431 3306 3306 3431 3432 3306 3432 3308 3308 3432 3433 3308 3433 3283 3283 3433 3282 3283 3282 2386 2386 3282 2384 2380 2382 3434 3434 2382 3282 3434 3282 3435 3435 3282 3433
              3435 3433 3436 3436 3433 3432 3436 3432 3437 3437 3432 3431 3437 3431 3438 3438 3431 3430 3438 3430 3439 3439 3430 3429 3439 3429 3440 3440 3429 3428 3440 3428 3441 3441 3428 3427
              3441 3427 3442 3442 3427 3426 3442 3426 533 533 3426 534 533 531 3442 3442 531 3443 3442 3443 3441 3441 3443 3444 3441 3444 3440 3440 3444 3445 3440 3445 3439 3439 3445 3446
              3439 3446 3438 3438 3446 3447 3438 3447 3437 3437 3447 3448 3437 3448 3436 3436 3448 3449 3436 3449 3435 3435 3449 3450 3435 3450 3434 3434 3450 3281 3434 3281 2380 2380 3281 2378
              531 530 3443 3443 530 3451 3443 3451 3444 3444 3451 3452 3444 3452 3445 3445 3452 3453 3445 3453 3446 3446 3453 3454 3446 3454 3447 3447 3454 3455 3447 3455 3448 3448 3455 3456
              3448 3456 3449 3449 3456 3457 3449 3457 3450 3450 3457 3458 3450 3458 3281 3281 3458 3280 3281 3280 2376 2376 3280 2374 2370 2372 3459 3459 2372 3280 3459 3280 3460 3460 3280 3458
              3460 3458 3461 3461 3458 3457 3461 3457 3462 3462 3457 3456 3462 3456 3463 3463 3456 3455 3463 3455 3464 3464 3455 3454 3464 3454 3465 3465 3454 3453 3465 3453 3466 3466 3453 3452
              3466 3452 3467 3467 3452 3451 3467 3451 570 570 3451 530 570 563 3467 3467 563 3292 3467 3292 3466 3466 3292 3311 3466 3311 3465 3465 3311 3313 3465 3313 3464 3464 3313 3315
              3464 3315 3463 3463 3315 3317 3463 3317 3462 3462 3317 3319 3462 3319 3461 3461 3319 3321 3461 3321 3460 3460 3321 3323 3460 3323 3459 3459 3323 3325 3459 3325 2370 2370 3325 2368
              3279 2364 3325 3325 2364 2366 3325 2366 2368 587 582 3310 3310 582 3468 3310 3468 3312 3312 3468 3469 3312 3469 3314 3314 3469 3470 3314 3470 3316 3316 3470 3471 3316 3471 3318
              3318 3471 3472 3318 3472 3320 3320 3472 3473 3320 3473 3322 3322 3473 3474 3322 3474 3324 3324 3474 3475 3324 3475 3279 3279 3475 3278 3279 3278 2362 2362 3278 2360 2356 2358 3476
              3476 2358 3278 3476 3278 3477 3477 3278 3475 3477 3475 3478 3478 3475 3474 3478 3474 3479 3479 3474 3473 3479 3473 3480 3480 3473 3472 3480 3472 3481 3481 3472 3471 3481 3471 3482
              3482 3471 3470 3482 3470 3483 3483 3470 3469 3483 3469 3484 3484 3469 3468 3484 3468 584 584 3468 582 584 585 3484 3484 585 3485 3484 3485 3483 3483 3485 3486 3483 3486 3482
              3482 3486 3487 3482 3487 3481 3481 3487 3488 3481 3488 3480 3480 3488 3489 3480 3489 3479 3479 3489 3490 3479 3490 3478 3478 3490 3491 3478 3491 3477 3477 3491 3492 3477 3492 3476
              3476 3492 3277 3476 3277 2356 2356 3277 2354 585 583 3485 3485 583 3493 3485 3493 3486 3486 3493 3494 3486 3494 3487 3487 3494 3495 3487 3495 3488 3488 3495 3496 3488 3496 3489
              3489 3496 3497 3489 3497 3490 3490 3497 3498 3490 3498 3491 3491 3498 3499 3491 3499 3492 3492 3499 3500 3492 3500 3277 3277 3500 3276 3277 3276 2352 2352 3276 2350 2346 2348 3275
              3275 2348 3276 3275 3276 3501 3501 3276 3500 3501 3500 3502 3502 3500 3499 3502 3499 3503 3503 3499 3498 3503 3498 3504 3504 3498 3497 3504 3497 3505 3505 3497 3496 3505 3496 3506
              3506 3496 3495 3506 3495 3507 3507 3495 3494 3507 3494 3508 3508 3494 3493 3508 3493 586 586 3493 583 2342 2344 3509 3509 2344 3275 3509 3275 3510 3510 3275 3501 3510 3501 3511
              3511 3501 3502 3511 3502 3512 3512 3502 3503 3512 3503 3513 3513 3503 3504 3513 3504 3514 3514 3504 3505 3514 3505 3515 3515 3505 3506 3515 3506 3516 3516 3506 3507 3516 3507 3517
              3517 3507 3508 3517 3508 581 581 3508 586 581 553 3517 3517 553 3291 3517 3291 3516 3516 3291 3518 3516 3518 3515 3515 3518 3519 3515 3519 3514 3514 3519 3520 3514 3520 3513
              3513 3520 3521 3513 3521 3512 3512 3521 3522 3512 3522 3511 3511 3522 3523 3511 3523 3510 3510 3523 3524 3510 3524 3509 3509 3524 3274 3509 3274 2342 2342 3274 2340 555 539 3291
              3291 539 3525 3291 3525 3518 3518 3525 3526 3518 3526 3519 3519 3526 3527 3519 3527 3520 3520 3527 3528 3520 3528 3521 3521 3528 3529 3521 3529 3522 3522 3529 3530 3522 3530 3523
              3523 3530 3531 3523 3531 3524 3524 3531 3532 3524 3532 3274 3274 3532 3273 3274 3273 2338 2338 3273 2336 2332 2334 3533 3533 2334 3273 3533 3273 3534 3534 3273 3532 3534 3532 3535
              3535 3532 3531 3535 3531 3536 3536 3531 3530 3536 3530 3537 3537 3530 3529 3537 3529 3538 3538 3529 3528 3538 3528 3539 3539 3528 3527 3539 3527 3540 3540 3527 3526 3540 3526 3541
              3541 3526 3525 3541 3525 593 593 3525 539 593 592 3541 3541 592 3542 3541 3542 3540 3540 3542 3543 3540 3543 3539 3539 3543 3544 3539 3544 3538 3538 3544 3545 3538 3545 3537
              3537 3545 3546 3537 3546 3536 3536 3546 3547 3536 3547 3535 3535 3547 3548 3535 3548 3534 3534 3548 3549 3534 3549 3533 3533 3549 3272 3533 3272 2332 2332 3272 2330 592 591 3542
              3542 591 3550 3542 3550 3543 3543 3550 3551 3543 3551 3544 3544 3551 3552 3544 3552 3545 3545 3552 3553 3545 3553 3546 3546 3553 3554 3546 3554 3547 3547 3554 3555 3547 3555 3548
              3548 3555 3556 3548 3556 3549 3549 3556 3557 3549 3557 3272 3272 3557 3271 3272 3271 2328 2328 3271 2326 2322 2324 3270 3270 2324 3271 3270 3271 3558 3558 3271 3557 3558 3557 3559
              3559 3557 3556 3559 3556 3560 3560 3556 3555 3560 3555 3561 3561 3555 3554 3561 3554 3562 3562 3554 3553 3562 3553 3563 3563 3553 3552 3563 3552 3564 3564 3552 3551 3564 3551 3565
              3565 3551 3550 3565 3550 590 590 3550 591 2318 2320 3566 3566 2320 3270 3566 3270 3567 3567 3270 3558 3567 3558 3568 3568 3558 3559 3568 3559 3569 3569 3559 3560 3569 3560 3570
              3570 3560 3561 3570 3561 3571 3571 3561 3562 3571 3562 3572 3572 3562 3563 3572 3563 3573 3573 3563 3564 3573 3564 3574 3574 3564 3565 3574 3565 589 589 3565 590 589 588 3574
              3574 588 3575 3574 3575 3573 3573 3575 3576 3573 3576 3572 3572 3576 3577 3572 3577 3571 3571 3577 3578 3571 3578 3570 3570 3578 3579 3570 3579 3569 3569 3579 3580 3569 3580 3568
              3568 3580 3581 3568 3581 3567 3567 3581 3582 3567 3582 3566 3566 3582 3269 3566 3269 2318 2318 3269 2316 588 596 3575 3575 596 3583 3575 3583 3576 3576 3583 3584 3576 3584 3577
              3577 3584 3585 3577 3585 3578 3578 3585 3586 3578 3586 3579 3579 3586 3587 3579 3587 3580 3580 3587 3588 3580 3588 3581 3581 3588 3589 3581 3589 3582 3582 3589 3590 3582 3590 3269
              3269 3590 3268 3269 3268 2314 2314 3268 2312 2308 2310 3591 3591 2310 3268 3591 3268 3592 3592 3268 3590 3592 3590 3593 3593 3590 3589 3593 3589 3594 3594 3589 3588 3594 3588 3595
              3595 3588 3587 3595 3587 3596 3596 3587 3586 3596 3586 3597 3597 3586 3585 3597 3585 3598 3598 3585 3584 3598 3584 3599 3599 3584 3583 3599 3583 595 595 3583 596 595 594 3599
              3599 594 3326 3599 3326 3598 3598 3326 3328 3598 3328 3597 3597 3328 3330 3597 3330 3596 3596 3330 3332 3596 3332 3595 3595 3332 3334 3595 3334 3594 3594 3334 3336 3594 3336 3593
              3593 3336 3338 3593 3338 3592 3592 3338 3340 3592 3340 3591 3591 3340 3342 3591 3342 2308 2308 3342 2306 3267 2302 3342 3342 2302 2304 3342 2304 2306 341 340 3327 3327 340 3600
              3327 3600 3329 3329 3600 3601 3329 3601 3331 3331 3601 3602 3331 3602 3333 3333 3602 3603 3333 3603 3335 3335 3603 3604 3335 3604 3337 3337 3604 3605 3337 3605 3339 3339 3605 3606
              3339 3606 3341 3341 3606 3607 3341 3607 3267 3267 3607 3266 3267 3266 2300 2300 3266 2298 2294 2296 3608 3608 2296 3266 3608 3266 3609 3609 3266 3607 3609 3607 3610 3610 3607 3606
              3610 3606 3611 3611 3606 3605 3611 3605 3612 3612 3605 3604 3612 3604 3613 3613 3604 3603 3613 3603 3614 3614 3603 3602 3614 3602 3615 3615 3602 3601 3615 3601 3616 3616 3601 3600
              3616 3600 338 338 3600 340 338 329 3616 3616 329 3617 3616 3617 3615 3615 3617 3618 3615 3618 3614 3614 3618 3619 3614 3619 3613 3613 3619 3620 3613 3620 3612 3612 3620 3621
              3612 3621 3611 3611 3621 3622 3611 3622 3610 3610 3622 3623 3610 3623 3609 3609 3623 3624 3609 3624 3608 3608 3624 3265 3608 3265 2294 2294 3265 2292 329 330 3617 3617 330 3625
              3617 3625 3618 3618 3625 3626 3618 3626 3619 3619 3626 3627 3619 3627 3620 3620 3627 3628 3620 3628 3621 3621 3628 3629 3621 3629 3622 3622 3629 3630 3622 3630 3623 3623 3630 3631
              3623 3631 3624 3624 3631 3632 3624 3632 3265 3265 3632 3264 3265 3264 2290 2290 3264 2288 2284 2286 3633 3633 2286 3264 3633 3264 3634 3634 3264 3632 3634 3632 3635 3635 3632 3631
              3635 3631 3636 3636 3631 3630 3636 3630 3637 3637 3630 3629 3637 3629 3638 3638 3629 3628 3638 3628 3639 3639 3628 3627 3639 3627 3640 3640 3627 3626 3640 3626 3641 3641 3626 3625
              3641 3625 332 332 3625 330 332 335 3641 3641 335 3642 3641 3642 3640 3640 3642 3643 3640 3643 3639 3639 3643 3644 3639 3644 3638 3638 3644 3645 3638 3645 3637 3637 3645 3646
              3637 3646 3636 3636 3646 3647 3636 3647 3635 3635 3647 3648 3635 3648 3634 3634 3648 3649 3634 3649 3633 3633 3649 3650 3633 3650 2284 2284 3650 2282 2432 2434 3651 2438 2440 3652
              2442 2444 3653 2452 2454 3654 2456 2458 3655 2462 2464 3656 2466 2468 3657 2428 2430 3658 3658 2430 3659 3658 3659 3660 3660 3659 3661 3661 3659 3662 3661 3662 3663 3664 3665 3662
              3662 3665 3666 3662 3666 3663 3667 3668 3664 3664 3668 3669 3664 3669 3665 3670 3671 3667 3667 3671 3672 3667 3672 3668 3673 3674 3670 3670 3674 3675 3670 3675 3671 3676 3677 3673
              3673 3677 3678 3673 3678 3674 3679 3680 3681 3681 3680 3682 3681 3682 3676 3676 3682 3683 3676 3683 3677 3679 3681 3684 3684 3681 3685 3684 3685 3686 598 597 3685 3685 597 3687
              3685 3687 3686 324 602 3688 3688 602 3689 3688 3689 3690 3690 3689 3691 3690 3691 3692 3692 3691 3693 3692 3693 3694 3694 3693 3695 3694 3695 3696 3696 3695 3697 3696 3697 3698
              3698 3697 3699 3698 3699 3700 3700 3699 3701 3700 3701 3702 3702 3701 3703 3702 3703 3704 3704 3703 3653 335 344 3642 3642 344 3705 3642 3705 3643 3643 3705 3706 3643 3706 3644
              3644 3706 3707 3644 3707 3645 3645 3707 3708 3645 3708 3646 3646 3708 3709 3646 3709 3647 3647 3709 3710 3647 3710 3648 3648 3710 3711 3648 3711 3649 3649 3711 3712 3649 3712 3650
              3650 3712 3657 3650 3657 2282 2282 3657 2468 344 346 3705 3705 346 3713 3705 3713 3706 3706 3713 3714 3706 3714 3707 3707 3714 3715 3707 3715 3708 3708 3715 3716 3708 3716 3709
              3709 3716 3717 3709 3717 3710 3710 3717 3718 3710 3718 3711 3711 3718 3719 3711 3719 3712 3712 3719 3720 3712 3720 3657 3657 3720 3656 3657 3656 2466 2466 3656 2464 2460 2462 3721
              3721 2462 3656 3721 3656 3722 3722 3656 3720 3722 3720 3723 3723 3720 3719 3723 3719 3724 3724 3719 3718 3724 3718 3725 3725 3718 3717 3725 3717 3726 3726 3717 3716 3726 3716 3727
              3727 3716 3715 3727 3715 3728 3728 3715 3714 3728 3714 3729 3729 3714 3713 3729 3713 349 349 3713 346 349 351 3729 3729 351 3730 3729 3730 3728 3728 3730 3731 3728 3731 3727
              3727 3731 3732 3727 3732 3726 3726 3732 3733 3726 3733 3725 3725 3733 3734 3725 3734 3724 3724 3734 3735 3724 3735 3723 3723 3735 3736 3723 3736 3722 3722 3736 3737 3722 3737 3721
              3721 3737 3655 3721 3655 2460 2460 3655 2458 351 353 3730 3730 353 3738 3730 3738 3731 3731 3738 3739 3731 3739 3732 3732 3739 3740 3732 3740 3733 3733 3740 3741 3733 3741 3734
              3734 3741 3742 3734 3742 3735 3735 3742 3743 3735 3743 3736 3736 3743 3744 3736 3744 3737 3737 3744 3745 3737 3745 3655 3655 3745 3654 3655 3654 2456 2456 3654 2454 2450 2452 3746
              3746 2452 3654 3746 3654 3747 3747 3654 3745 3747 3745 3748 3748 3745 3744 3748 3744 3749 3749 3744 3743 3749 3743 3750 3750 3743 3742 3750 3742 3751 3751 3742 3741 3751 3741 3752
              3752 3741 3740 3752 3740 3753 3753 3740 3739 3753 3739 3754 3754 3739 3738 3754 3738 325 325 3738 353 325 324 3754 3754 324 3688 3754 3688 3753 3753 3688 3690 3753 3690 3752
              3752 3690 3692 3752 3692 3751 3751 3692 3694 3751 3694 3750 3750 3694 3696 3750 3696 3749 3749 3696 3698 3749 3698 3748 3748 3698 3700 3748 3700 3747 3747 3700 3702 3747 3702 3746
              3746 3702 3704 3746 3704 2450 2450 3704 2448 3653 2444 3704 3704 2444 2446 3704 2446 2448 602 601 3689 3689 601 3755 3689 3755 3691 3691 3755 3756 3691 3756 3693 3693 3756 3757
              3693 3757 3695 3695 3757 3758 3695 3758 3697 3697 3758 3759 3697 3759 3699 3699 3759 3760 3699 3760 3701 3701 3760 3761 3701 3761 3703 3703 3761 3762 3703 3762 3653 3653 3762 3652
              3653 3652 2442 2442 3652 2440 2436 2438 3763 3763 2438 3652 3763 3652 3764 3764 3652 3762 3764 3762 3765 3765 3762 3761 3765 3761 3766 3766 3761 3760 3766 3760 3767 3767 3760 3759
              3767 3759 3768 3768 3759 3758 3768 3758 3769 3769 3758 3757 3769 3757 3770 3770 3757 3756 3770 3756 3771 3771 3756 3755 3771 3755 600 600 3755 601 600 599 3771 3771 599 3772
              3771 3772 3770 3770 3772 3773 3770 3773 3769 3769 3773 3774 3769 3774 3768 3768 3774 3775 3768 3775 3767 3767 3775 3776 3767 3776 3766 3766 3776 3777 3766 3777 3765 3765 3777 3778
              3765 3778 3764 3764 3778 3779 3764 3779 3763 3763 3779 3651 3763 3651 2436 2436 3651 2434 599 598 3772 3772 598 3685 3772 3685 3773 3773 3685 3681 3773 3681 3774 3774 3681 3676
              3774 3676 3775 3775 3676 3673 3775 3673 3776 3776 3673 3670 3776 3670 3777 3777 3670 3667 3777 3667 3778 3778 3667 3664 3778 3664 3779 3779 3664 3662 3779 3662 3651 3651 3662 3659
              3651 3659 2432 2432 3659 2430 3143 3142 3780 817 816 3781 806 818 3782 803 819 3783 3784 652 830 3785 3784 3786 2280 3787 3160 3160 3787 3788 3160 3788 3161 3161 3788 3789
              3161 3789 3162 3162 3789 3790 3784 830 3786 3786 830 829 3786 829 3791 3791 829 831 3791 831 3792 3792 831 825 3792 825 3793 3793 825 794 3793 794 3794 822 3795 797
              797 3795 3796 797 3796 824 824 3796 3794 824 3794 823 823 3794 794 3151 3158 3797 3797 3158 3157 3797 3157 3798 3798 3157 3156 3798 3156 3799 3799 3156 3133 3799 3133 3790
              3790 3133 3132 3790 3132 3162 3800 3785 3801 3801 3785 3786 3801 3786 3802 3802 3786 3791 3802 3791 3803 3803 3791 3792 3803 3792 3804 3804 3792 3793 3804 3793 3805 3805 3793 3794
              3805 3794 3806 3806 3794 3796 3806 3796 3807 3807 3796 3795 3807 3795 3808 803 3783 821 3809 3800 3810 3810 3800 3801 3810 3801 3811 3811 3801 3802 3811 3802 3812 3812 3802 3803
              3812 3803 3813 3813 3803 3804 3813 3804 3814 3814 3804 3805 3814 3805 3815 3815 3805 3806 3815 3806 3816 3816 3806 3807 3816 3807 3817 3817 3807 3808 3817 3808 3818 3819 3809 3820
              3820 3809 3810 3820 3810 3821 3821 3810 3811 3821 3811 3822 3822 3811 3812 3822 3812 3823 3823 3812 3813 3823 3813 3824 3824 3813 3814 3824 3814 3825 3825 3814 3815 3825 3815 3826
              3826 3815 3816 3826 3816 3827 3827 3816 3817 3827 3817 3828 3828 3817 3818 3828 3818 3829 3151 3797 3152 3152 3797 3830 3152 3830 3153 3153 3830 3831 3153 3831 3154 3154 3831 3832
              3154 3832 3135 2280 3819 3787 3787 3819 3820 3787 3820 3788 3788 3820 3821 3788 3821 3789 3789 3821 3822 3789 3822 3790 3790 3822 3823 3790 3823 3799 3799 3823 3824 3799 3824 3798
              3798 3824 3825 3798 3825 3797 3797 3825 3826 3797 3826 3830 3830 3826 3827 3830 3827 3831 3831 3827 3828 3831 3828 3832 3832 3828 3829 3832 3829 3833 3148 3147 3833 3833 3147 3146
              3833 3146 3832 3832 3146 3136 3832 3136 3135 818 817 3782 3782 817 3781 3782 3781 3834 3834 3781 3835 3834 3835 3836 820 806 3837 3837 806 3782 3837 3782 3838 3838 3782 3834
              3838 3834 3839 3839 3834 3836 3839 3836 3840 819 820 3783 3783 820 3837 3783 3837 3841 3841 3837 3838 3841 3838 3842 3842 3838 3839 3842 3839 3843 3843 3839 3840 3843 3840 3844
              800 821 3845 3845 821 3783 3845 3783 3846 3846 3783 3841 3846 3841 3847 3847 3841 3842 3847 3842 3848 3848 3842 3843 3848 3843 3849 3849 3843 3844 822 800 3795 3795 800 3845
              3795 3845 3808 3808 3845 3846 3808 3846 3818 3818 3846 3847 3818 3847 3829 3829 3847 3848 3829 3848 3833 3833 3848 3849 3833 3849 3148 3148 3849 3844 3148 3844 3138 3138 3844 3139
              3835 3850 3836 3836 3850 3851 3836 3851 3840 3840 3851 3780 3840 3780 3844 3844 3780 3142 3844 3142 3139 813 812 3852 3852 812 809 3852 809 808 815 813 3853 3853 813 3852
              3853 3852 3854 3854 3852 808 3850 808 3851 3851 808 3144 3851 3144 3780 3780 3144 3143 808 380 3144 816 815 3781 3781 815 3853 3781 3853 3835 3835 3853 3854 3835 3854 3850
              3850 3854 808 2280 2281 3819 3819 2281 3855 3819 3855 3809 3809 3855 3856 3809 3856 3800 3800 3856 3857 3800 3857 3785 3785 3857 3858 3785 3858 3784 3784 3858 3859 3784 3859 652
              652 3859 650 159 900 2497 899 898 3860 2497 900 3861 2491 2490 3862 2488 2487 3863 2482 2481 3864 3855 2281 2470 3856 3855 3865 650 3866 869 869 3866 3867 869 3867 865
              865 3867 3868 865 3868 866 866 3868 3869 3855 2470 3865 3865 2470 2472 3865 2472 3870 3870 2472 2471 3870 2471 3871 3871 2471 2477 3871 2477 3872 3872 2477 2475 3872 2475 3873
              3874 871 3875 3875 871 868 3875 868 3869 3869 868 867 3869 867 866 2475 2474 3873 3873 2474 2479 3873 2479 3876 3876 2479 2478 3876 2478 3877 879 878 3878 3878 878 875
              3878 875 3874 3874 875 874 3874 874 871 3857 3856 3879 3879 3856 3865 3879 3865 3880 3880 3865 3870 3880 3870 3881 3881 3870 3871 3881 3871 3882 3882 3871 3872 3882 3872 3883
              3883 3872 3873 3883 3873 3884 3884 3873 3876 3884 3876 3885 3885 3876 3877 3885 3877 3886 3858 3857 3887 3887 3857 3879 3887 3879 3888 3888 3879 3880 3888 3880 3889 3889 3880 3881
              3889 3881 3890 3890 3881 3882 3890 3882 3891 3891 3882 3883 3891 3883 3892 3892 3883 3884 3892 3884 3893 3893 3884 3885 3893 3885 3894 3894 3885 3886 3894 3886 3895 3859 3858 3896
              3896 3858 3887 3896 3887 3897 3897 3887 3888 3897 3888 3898 3898 3888 3889 3898 3889 3899 3899 3889 3890 3899 3890 3900 3900 3890 3891 3900 3891 3901 3901 3891 3892 3901 3892 3902
              3902 3892 3893 3902 3893 3903 3903 3893 3894 3903 3894 3904 3904 3894 3895 3904 3895 3905 879 3878 882 882 3878 3906 882 3906 883 883 3906 3907 883 3907 884 884 3907 3908
              884 3908 887 650 3859 3866 3866 3859 3896 3866 3896 3867 3867 3896 3897 3867 3897 3868 3868 3897 3898 3868 3898 3869 3869 3898 3899 3869 3899 3875 3875 3899 3900 3875 3900 3874
              3874 3900 3901 3874 3901 3878 3878 3901 3902 3878 3902 3906 3906 3902 3903 3906 3903 3907 3907 3903 3904 3907 3904 3908 3908 3904 3905 3908 3905 3909 893 891 3909 3909 891 890
              3909 890 3908 3908 890 888 3908 888 887 2487 2491 3863 3863 2491 3862 3863 3862 3910 3910 3862 3911 3910 3911 3912 2484 2488 3913 3913 2488 3863 3913 3863 3914 3914 3863 3910
              3914 3910 3915 3915 3910 3912 3915 3912 3916 2485 2484 3917 3917 2484 3913 3917 3913 3918 3918 3913 3914 3918 3914 3919 3919 3914 3915 3919 3915 3920 3920 3915 3916 3920 3916 3921
              2481 2485 3864 3864 2485 3917 3864 3917 3922 3922 3917 3918 3922 3918 3923 3923 3918 3919 3923 3919 3924 3924 3919 3920 3924 3920 3925 3925 3920 3921 2478 2482 3877 3877 2482 3864
              3877 3864 3886 3886 3864 3922 3886 3922 3895 3895 3922 3923 3895 3923 3905 3905 3923 3924 3905 3924 3909 3909 3924 3925 3909 3925 893 893 3925 3921 893 3921 894 894 3921 895
              3911 3926 3912 3912 3926 3927 3912 3927 3916 3916 3927 3860 3916 3860 3921 3921 3860 898 3921 898 895 2494 2493 3861 3861 2493 2499 3861 2499 2497 2496 2494 3928 3928 2494 3861
              3928 3861 3929 3929 3861 900 3926 900 3927 3927 900 3860 3860 900 899 2490 2496 3862 3862 2496 3928 3862 3928 3911 3911 3928 3929 3911 3929 3926 3926 3929 900 597 710 3687
              709 708 3930 3687 710 3931 3683 3682 3932 3678 3677 3933 3672 3671 3934 3935 2428 3658 3936 3935 3937 654 3938 679 679 3938 3939 679 3939 675 675 3939 3940 675 3940 676
              676 3940 3941 3935 3658 3937 3937 3658 3660 3937 3660 3942 3942 3660 3661 3942 3661 3943 3943 3661 3663 3943 3663 3944 3944 3663 3666 3944 3666 3945 3946 681 3947 3947 681 678
              3947 678 3941 3941 678 677 3941 677 676 3666 3665 3945 3945 3665 3669 3945 3669 3948 3948 3669 3668 3948 3668 3949 689 688 3950 3950 688 685 3950 685 3946 3946 685 684
              3946 684 681 3951 3936 3952 3952 3936 3937 3952 3937 3953 3953 3937 3942 3953 3942 3954 3954 3942 3943 3954 3943 3955 3955 3943 3944 3955 3944 3956 3956 3944 3945 3956 3945 3957
              3957 3945 3948 3957 3948 3958 3958 3948 3949 3958 3949 3959 3960 3951 3961 3961 3951 3952 3961 3952 3962 3962 3952 3953 3962 3953 3963 3963 3953 3954 3963 3954 3964 3964 3954 3955
              3964 3955 3965 3965 3955 3956 3965 3956 3966 3966 3956 3957 3966 3957 3967 3967 3957 3958 3967 3958 3968 3968 3958 3959 3968 3959 3969 3970 3960 3971 3971 3960 3961 3971 3961 3972
              3972 3961 3962 3972 3962 3973 3973 3962 3963 3973 3963 3974 3974 3963 3964 3974 3964 3975 3975 3964 3965 3975 3965 3976 3976 3965 3966 3976 3966 3977 3977 3966 3967 3977 3967 3978
              3978 3967 3968 3978 3968 3979 3979 3968 3969 3979 3969 3980 689 3950 692 692 3950 3981 692 3981 693 693 3981 3982 693 3982 694 694 3982 3983 694 3983 697 654 3970 3938
              3938 3970 3971 3938 3971 3939 3939 3971 3972 3939 3972 3940 3940 3972 3973 3940 3973 3941 3941 3973 3974 3941 3974 3947 3947 3974 3975 3947 3975 3946 3946 3975 3976 3946 3976 3950
              3950 3976 3977 3950 3977 3981 3981 3977 3978 3981 3978 3982 3982 3978 3979 3982 3979 3983 3983 3979 3980 3983 3980 3984 703 701 3984 3984 701 700 3984 700 3983 3983 700 698
              3983 698 697 3677 3683 3933 3933 3683 3932 3933 3932 3985 3985 3932 3986 3985 3986 3987 3674 3678 3988 3988 3678 3933 3988 3933 3989 3989 3933 3985 3989 3985 3990 3990 3985 3987
              3990 3987 3991 3675 3674 3992 3992 3674 3988 3992 3988 3993 3993 3988 3989 3993 3989 3994 3994 3989 3990 3994 3990 3995 3995 3990 3991 3995 3991 3996 3671 3675 3934 3934 3675 3992
              3934 3992 3997 3997 3992 3993 3997 3993 3998 3998 3993 3994 3998 3994 3999 3999 3994 3995 3999 3995 4000 4000 3995 3996 3668 3672 3949 3949 3672 3934 3949 3934 3959 3959 3934 3997
              3959 3997 3969 3969 3997 3998 3969 3998 3980 3980 3998 3999 3980 3999 3984 3984 3999 4000 3984 4000 703 703 4000 3996 703 3996 704 704 3996 705 3986 4001 3987 3987 4001 4002
              3987 4002 3991 3991 4002 3930 3991 3930 3996 3996 3930 708 3996 708 705 3679 3684 3931 3931 3684 3686 3931 3686 3687 3680 3679 4003 4003 3679 3931 4003 3931 4004 4004 3931 710
              4001 710 4002 4002 710 3930 3930 710 709 3682 3680 3932 3932 3680 4003 3932 4003 3986 3986 4003 4004 3986 4004 4001 4001 4004 710 654 656 3970 3970 656 4005 3970 4005 3960
              3960 4005 4006 3960 4006 3951 3951 4006 4007 3951 4007 3936 3936 4007 4008 3936 4008 3935 3935 4008 4009 3935 4009 2428 2428 4009 2429 3011 3010 4010 953 952 4011 942 954 4012
              939 955 4013 4005 656 966 4006 4005 4014 2429 4015 2995 2995 4015 4016 2995 4016 2996 2996 4016 4017 2996 4017 3023 3023 4017 4018 4005 966 4014 4014 966 965 4014 965 4019
              4019 965 967 4019 967 4020 4020 967 961 4020 961 4021 4021 961 930 4021 930 4022 958 4023 933 933 4023 4024 933 4024 960 960 4024 4022 960 4022 959 959 4022 930
              3002 3001 4025 4025 3001 2999 4025 2999 4026 4026 2999 2998 4026 2998 4027 4027 2998 3022 4027 3022 4018 4018 3022 3025 4018 3025 3023 4007 4006 4028 4028 4006 4014 4028 4014 4029
              4029 4014 4019 4029 4019 4030 4030 4019 4020 4030 4020 4031 4031 4020 4021 4031 4021 4032 4032 4021 4022 4032 4022 4033 4033 4022 4024 4033 4024 4034 4034 4024 4023 4034 4023 4035
              939 4013 957 4008 4007 4036 4036 4007 4028 4036 4028 4037 4037 4028 4029 4037 4029 4038 4038 4029 4030 4038 4030 4039 4039 4030 4031 4039 4031 4040 4040 4031 4032 4040 4032 4041
              4041 4032 4033 4041 4033 4042 4042 4033 4034 4042 4034 4043 4043 4034 4035 4043 4035 4044 4009 4008 4045 4045 4008 4036 4045 4036 4046 4046 4036 4037 4046 4037 4047 4047 4037 4038
              4047 4038 4048 4048 4038 4039 4048 4039 4049 4049 4039 4040 4049 4040 4050 4050 4040 4041 4050 4041 4051 4051 4041 4042 4051 4042 4052 4052 4042 4043 4052 4043 4053 4053 4043 4044
              4053 4044 4054 3002 4025 3004 3004 4025 4055 3004 4055 3005 3005 4055 4056 3005 4056 3019 3019 4056 4057 3019 4057 3021 2429 4009 4015 4015 4009 4045 4015 4045 4016 4016 4045 4046
              4016 4046 4017 4017 4046 4047 4017 4047 4018 4018 4047 4048 4018 4048 4027 4027 4048 4049 4027 4049 4026 4026 4049 4050 4026 4050 4025 4025 4050 4051 4025 4051 4055 4055 4051 4052
              4055 4052 4056 4056 4052 4053 4056 4053 4057 4057 4053 4054 4057 4054 4058 3015 3008 4058 4058 3008 3007 4058 3007 4057 4057 3007 3018 4057 3018 3021 954 953 4012 4012 953 4011
              4012 4011 4059 4059 4011 4060 4059 4060 4061 956 942 4062 4062 942 4012 4062 4012 4063 4063 4012 4059 4063 4059 4064 4064 4059 4061 4064 4061 4065 955 956 4013 4013 956 4062
              4013 4062 4066 4066 4062 4063 4066 4063 4067 4067 4063 4064 4067 4064 4068 4068 4064 4065 4068 4065 4069 936 957 4070 4070 957 4013 4070 4013 4071 4071 4013 4066 4071 4066 4072
              4072 4066 4067 4072 4067 4073 4073 4067 4068 4073 4068 4074 4074 4068 4069 958 936 4023 4023 936 4070 4023 4070 4035 4035 4070 4071 4035 4071 4044 4044 4071 4072 4044 4072 4054
              4054 4072 4073 4054 4073 4058 4058 4073 4074 4058 4074 3015 3015 4074 4069 3015 4069 3017 3017 4069 3014 4060 4075 4061 4061 4075 4076 4061 4076 4065 4065 4076 4010 4065 4010 4069
              4069 4010 3010 4069 3010 3014 949 948 4077 4077 948 945 4077 945 944 951 949 4078 4078 949 4077 4078 4077 4079 4079 4077 944 4075 944 4076 4076 944 3013 4076 3013 4010
              4010 3013 3011 944 3 3013 952 951 4011 4011 951 4078 4011 4078 4060 4060 4078 4079 4060 4079 4075 4075 4079 944
          </p>
        </triangles>
      </mesh>
    </geometry>
  </library_geometries>
  <library_visual_scenes>
    <visual_scene id="Scene" name="Scene">
      <node id="camera_support_colored" name="camera_support_colored">
        <instance_geometry url="#camera_support_colored_geom">
          <bind_material>
            <technique_common>
              <instance_material symbol="matref" target="#camera_support_colored_mat"/>
            </technique_common>
          </bind_material>
        </instance_geometry>
      </node>
    </visual_scene>
  </library_visual_scenes>
  <scene><instance_visual_scene url="#Scene"/></scene>
</COLLADA>
